WeatherID,LocationID,Year,MonthID,Sun,Temp
0,0,2022,0,5.85,28.28
1,1,2022,0,7.87,60.44
2,2,2022,0,7.77,79.76
3,3,2022,0,8.29,21.56
4,4,2022,0,7.13,41.12
5,5,2022,0,11.07,74.48
6,6,2022,0,11.14,74.72
7,7,2022,0,7.85,44.36
8,8,2022,0,11.45,77.0
9,9,2022,0,3.99,23.96
10,10,2022,0,7.73,44.84
11,11,2022,0,8.71,25.76
12,12,2022,0,10.41,72.8
13,13,2022,0,7.56,78.44
14,14,2022,0,8.17,69.44
15,15,2022,0,7.0,43.4
16,16,2022,0,5.75,77.72
17,17,2022,0,8.41,53.24
18,18,2022,0,7.1,49.16
19,19,2022,0,10.3,80.36
20,20,2022,0,13.17,73.64
21,21,2022,0,10.32,81.32
22,22,2022,0,12.92,75.2
23,23,2022,0,9.68,73.64
24,24,2022,0,13.23,60.44
25,25,2022,0,8.19,55.76
26,26,2022,0,8.42,80.96
27,27,2022,0,9.25,80.24
28,28,2022,0,8.48,39.44
29,29,2022,0,8.18,78.32
30,30,2022,0,7.58,81.2
31,31,2022,0,11.21,75.8
32,32,2022,0,4.61,7.64
33,33,2022,0,9.95,55.76
34,34,2022,0,8.32,20.36
35,35,2022,0,5.46,28.4
36,36,2022,0,4.74,21.08
37,37,2022,0,6.82,51.2
38,38,2022,0,7.89,80.12
39,39,2022,0,7.55,43.76
40,40,2022,0,13.81,71.72
41,41,2022,0,9.06,56.84
42,42,2022,0,6.47,36.92
43,43,2022,0,7.46,78.68
44,44,2022,0,8.17,70.88
45,45,2022,0,7.41,40.76
46,46,2022,0,2.63,41.12
47,47,2022,0,10.82,58.64
48,48,2022,0,11.23,74.6
49,49,2022,0,7.17,44.24
50,50,2022,0,7.29,71.6
51,51,2022,0,9.83,79.64
52,52,2022,0,9.79,68.84
53,53,2022,0,12.85,70.4
54,54,2022,0,7.37,26.0
55,55,2022,0,13.25,67.88
56,56,2022,0,9.97,81.2
57,57,2022,0,8.13,21.2
58,58,2022,0,10.86,74.48
59,59,2022,0,9.81,72.2
60,60,2022,0,6.91,18.92
61,61,2022,0,5.48,7.16
62,62,2022,0,11.09,71.12
63,63,2022,0,13.84,79.88
64,64,2022,0,6.64,39.56
65,65,2022,0,7.68,44.0
66,66,2022,0,8.25,57.68
67,67,2022,0,7.92,17.24
68,68,2022,0,6.46,51.8
69,69,2022,0,6.0,39.2
70,70,2022,0,11.21,75.44
71,71,2022,0,8.01,35.48
72,72,2022,0,6.84,43.04
73,73,2022,0,8.18,47.48
74,74,2022,0,7.35,59.12
75,75,2022,0,13.6,82.88
76,76,2022,0,6.57,69.92
77,77,2022,0,8.31,49.52
78,78,2022,0,6.66,32.0
79,79,2022,0,9.18,79.52
80,80,2022,0,8.39,51.92
81,81,2022,0,3.39,21.56
82,82,2022,0,7.78,77.48
83,83,2022,0,7.71,57.32
84,84,2022,0,6.88,73.76
85,85,2022,0,7.55,13.64
86,86,2022,0,7.87,77.84
87,87,2022,0,11.27,74.84
88,88,2022,0,8.44,54.08
89,89,2022,0,11.17,68.48
90,90,2022,0,11.03,81.8
91,91,2022,0,11.03,82.52
92,92,2022,0,7.51,57.56
93,93,2022,0,8.36,52.64
94,94,2022,0,7.55,49.16
95,95,2022,0,11.38,81.44
96,96,2022,0,6.93,33.2
97,97,2022,0,10.68,74.24
98,98,2022,0,7.09,41.12
99,99,2022,0,6.37,34.4
100,100,2022,0,11.22,80.72
101,101,2022,0,10.23,72.32
102,102,2022,0,9.79,40.64
103,103,2022,0,9.61,80.24
104,104,2022,0,10.86,74.12
105,105,2022,0,11.17,78.2
106,106,2022,0,7.11,27.68
107,107,2022,0,10.77,57.56
108,108,2022,0,4.92,62.12
109,109,2022,0,5.07,29.6
110,110,2022,0,10.19,78.56
111,111,2022,0,8.5,80.48
112,112,2022,0,9.61,80.24
113,113,2022,0,6.0,29.84
114,114,2022,0,6.41,32.0
115,115,2022,0,9.09,79.88
116,116,2022,0,7.97,50.6
117,117,2022,0,8.63,49.16
118,118,2022,0,4.23,26.6
119,119,2022,0,7.55,59.24
120,120,2022,0,3.85,18.2
121,121,2022,0,6.25,71.36
122,122,2022,0,7.24,63.44
123,123,2022,0,9.45,79.52
124,124,2022,0,7.53,27.32
125,125,2022,0,8.45,52.64
126,126,2022,0,11.69,70.52
127,127,2022,0,8.19,52.76
128,128,2022,0,5.71,35.48
129,129,2022,0,7.38,40.28
130,130,2022,0,6.29,23.84
131,131,2022,0,9.95,55.76
132,132,2022,0,6.43,34.16
133,133,2022,0,7.27,30.08
134,134,2022,0,7.53,59.12
135,135,2022,0,8.61,55.04
136,136,2022,0,7.14,49.28
137,137,2022,0,7.63,53.48
138,138,2022,0,9.84,51.68
139,139,2022,0,6.46,69.8
140,140,2022,0,10.41,73.04
141,141,2022,0,11.54,67.52
142,142,2022,0,5.3,60.92
143,143,2022,0,7.87,47.6
144,144,2022,0,8.09,55.28
145,145,2022,0,6.69,39.56
146,146,2022,0,6.53,46.64
147,147,2022,0,8.7,80.48
148,148,2022,0,6.77,27.44
149,149,2022,0,8.34,58.4
150,150,2022,0,11.6,72.08
151,151,2022,0,5.82,5.6
152,152,2022,0,5.39,31.4
153,153,2022,0,3.8,25.28
154,154,2022,0,9.37,80.48
155,155,2022,0,6.19,38.96
156,156,2022,0,6.29,20.12
157,157,2022,0,7.53,32.24
158,158,2022,0,7.12,54.2
159,159,2022,0,8.19,40.4
160,160,2022,0,10.83,61.04
161,161,2022,0,6.69,41.36
162,162,2022,0,7.42,52.88
163,163,2022,0,6.85,31.16
164,164,2022,0,4.19,27.56
165,165,2022,0,6.96,34.64
166,166,2022,0,8.36,38.96
167,167,2022,0,8.39,76.52
168,168,2022,0,5.81,36.2
169,169,2022,0,5.41,38.72
170,170,2022,0,7.87,48.2
171,171,2022,0,4.75,38.6
172,172,2022,0,8.65,38.48
173,173,2022,0,10.3,54.2
174,174,2022,0,11.98,79.04
175,175,2022,0,6.24,43.52
176,176,2022,0,8.23,48.8
177,177,2022,0,7.42,52.64
178,178,2022,0,7.77,73.28
179,179,2022,0,6.27,38.48
180,180,2022,0,7.75,44.48
181,181,2022,0,6.64,43.04
182,182,2022,0,4.62,30.32
183,183,2022,0,6.34,35.24
184,184,2022,0,7.55,49.4
185,185,2022,0,10.8,69.08
186,186,2022,0,5.33,28.28
187,187,2022,0,7.27,39.68
188,188,2022,0,5.23,32.72
189,189,2022,0,7.0,78.44
190,190,2022,0,8.01,35.48
191,191,2022,0,6.31,32.48
192,192,2022,0,7.09,25.16
193,193,2022,0,7.74,23.6
194,194,2022,0,8.23,45.68
195,195,2022,0,6.93,37.88
196,196,2022,0,6.29,40.64
197,197,2022,0,7.93,35.24
198,198,2022,0,6.31,38.6
199,199,2022,0,9.81,64.16
200,200,2022,0,9.23,69.2
201,201,2022,0,3.99,27.08
202,202,2022,0,5.84,37.16
203,203,2022,0,8.69,75.2
204,204,2022,0,6.22,34.88
205,205,2022,0,5.66,38.36
206,206,2022,0,6.06,38.48
207,207,2022,0,5.29,19.76
208,208,2022,0,5.6,35.12
209,209,2022,0,6.7,39.68
210,210,2022,0,6.49,41.6
211,211,2022,0,7.96,45.56
212,212,2022,0,8.28,65.12
213,213,2022,0,5.53,6.08
214,214,2022,0,7.12,55.16
215,215,2022,0,5.93,41.36
216,216,2022,0,11.37,78.2
217,217,2022,0,8.99,70.88
218,218,2022,0,5.23,26.48
219,219,2022,0,5.35,40.16
220,220,2022,0,6.14,41.24
221,221,2022,0,7.97,58.28
222,222,2022,0,6.11,30.32
223,223,2022,0,6.87,53.36
224,224,2022,0,6.29,30.32
225,225,2022,0,7.53,32.84
226,226,2022,0,6.8,56.36
227,227,2022,0,2.12,36.44
228,0,2022,1,8.61,39.32
229,1,2022,1,7.67,59.6
230,2,2022,1,8.3,79.64
231,3,2022,1,8.39,22.76
232,4,2022,1,5.94,42.08
233,5,2022,1,10.99,73.16
234,6,2022,1,11.35,73.64
235,7,2022,1,8.25,45.32
236,8,2022,1,11.42,71.0
237,9,2022,1,6.15,19.88
238,10,2022,1,7.23,50.84
239,11,2022,1,7.27,30.92
240,12,2022,1,9.91,72.2
241,13,2022,1,8.91,77.36
242,14,2022,1,11.49,69.92
243,15,2022,1,5.27,46.52
244,16,2022,1,6.75,76.88
245,17,2022,1,10.2,56.36
246,18,2022,1,9.63,56.96
247,19,2022,1,8.39,78.92
248,20,2022,1,11.53,70.88
249,21,2022,1,8.57,79.04
250,22,2022,1,11.52,73.16
251,23,2022,1,9.12,72.08
252,24,2022,1,10.6,57.92
253,25,2022,1,8.61,57.56
254,26,2022,1,8.57,80.72
255,27,2022,1,8.33,79.04
256,28,2022,1,6.63,44.6
257,29,2022,1,8.35,79.16
258,30,2022,1,8.13,81.8
259,31,2022,1,10.77,74.84
260,32,2022,1,4.93,22.16
261,33,2022,1,10.68,59.72
262,34,2022,1,7.66,22.52
263,35,2022,1,7.36,27.32
264,36,2022,1,5.19,27.56
265,37,2022,1,7.47,56.84
266,38,2022,1,9.12,80.24
267,39,2022,1,8.05,49.04
268,40,2022,1,13.2,70.52
269,41,2022,1,11.19,67.04
270,42,2022,1,7.93,45.68
271,43,2022,1,9.63,78.56
272,44,2022,1,8.07,73.52
273,45,2022,1,6.0,45.2
274,46,2022,1,4.41,39.32
275,47,2022,1,11.22,68.24
276,48,2022,1,11.13,68.72
277,49,2022,1,9.94,46.76
278,50,2022,1,8.85,73.04
279,51,2022,1,9.38,78.8
280,52,2022,1,9.31,68.24
281,53,2022,1,11.02,68.6
282,54,2022,1,6.42,31.52
283,55,2022,1,12.61,69.92
284,56,2022,1,8.89,80.0
285,57,2022,1,8.6,28.52
286,58,2022,1,10.35,73.76
287,59,2022,1,9.91,72.2
288,60,2022,1,7.38,16.4
289,61,2022,1,5.09,20.96
290,62,2022,1,10.57,67.52
291,63,2022,1,13.29,80.72
292,64,2022,1,4.22,44.84
293,65,2022,1,8.21,50.24
294,66,2022,1,11.37,63.68
295,67,2022,1,7.55,22.28
296,68,2022,1,8.34,55.52
297,69,2022,1,5.61,39.8
298,70,2022,1,11.33,70.04
299,71,2022,1,9.81,36.2
300,72,2022,1,4.73,45.68
301,73,2022,1,9.67,53.48
302,74,2022,1,9.15,61.4
303,75,2022,1,11.17,88.28
304,76,2022,1,8.4,72.92
305,77,2022,1,8.65,52.28
306,78,2022,1,9.43,42.2
307,79,2022,1,8.87,79.4
308,80,2022,1,9.19,56.12
309,81,2022,1,4.81,29.84
310,82,2022,1,9.53,77.36
311,83,2022,1,10.19,60.44
312,84,2022,1,7.45,75.08
313,85,2022,1,6.67,20.72
314,86,2022,1,7.59,77.12
315,87,2022,1,10.75,74.24
316,88,2022,1,9.78,57.44
317,89,2022,1,10.57,64.52
318,90,2022,1,10.06,79.88
319,91,2022,1,8.84,82.76
320,92,2022,1,11.18,63.2
321,93,2022,1,9.92,56.48
322,94,2022,1,9.99,53.72
323,95,2022,1,11.11,74.0
324,96,2022,1,7.11,43.16
325,97,2022,1,11.34,78.08
326,98,2022,1,9.29,46.4
327,99,2022,1,7.83,43.04
328,100,2022,1,8.69,82.28
329,101,2022,1,10.65,75.8
330,102,2022,1,9.45,48.08
331,103,2022,1,10.62,80.6
332,104,2022,1,11.55,73.28
333,105,2022,1,10.05,76.4
334,106,2022,1,8.21,37.64
335,107,2022,1,11.14,61.28
336,108,2022,1,4.69,57.08
337,109,2022,1,5.81,39.2
338,110,2022,1,8.88,78.2
339,111,2022,1,9.92,83.48
340,112,2022,1,7.68,79.88
341,113,2022,1,6.51,44.12
342,114,2022,1,5.99,40.64
343,115,2022,1,9.71,81.44
344,116,2022,1,9.01,53.6
345,117,2022,1,10.19,55.04
346,118,2022,1,6.11,36.44
347,119,2022,1,8.27,61.28
348,120,2022,1,4.75,29.0
349,121,2022,1,5.65,72.32
350,122,2022,1,7.57,58.28
351,123,2022,1,9.47,79.4
352,124,2022,1,9.69,29.72
353,125,2022,1,8.55,56.6
354,126,2022,1,11.53,70.76
355,127,2022,1,8.19,54.44
356,128,2022,1,5.19,42.56
357,129,2022,1,7.13,40.76
358,130,2022,1,6.82,27.68
359,131,2022,1,10.67,59.72
360,132,2022,1,6.69,42.68
361,133,2022,1,7.36,38.36
362,134,2022,1,7.53,59.48
363,135,2022,1,10.03,57.2
364,136,2022,1,8.31,49.52
365,137,2022,1,8.55,58.16
366,138,2022,1,10.35,56.6
367,139,2022,1,8.91,72.92
368,140,2022,1,9.85,73.28
369,141,2022,1,11.89,70.64
370,142,2022,1,4.4,59.12
371,143,2022,1,7.53,53.12
372,144,2022,1,10.06,58.4
373,145,2022,1,6.77,40.4
374,146,2022,1,9.67,52.16
375,147,2022,1,9.67,83.36
376,148,2022,1,7.66,28.16
377,149,2022,1,10.26,61.88
378,150,2022,1,10.23,71.6
379,151,2022,1,4.83,19.4
380,152,2022,1,5.72,39.68
381,153,2022,1,6.08,32.24
382,154,2022,1,10.86,82.16
383,155,2022,1,7.35,46.4
384,156,2022,1,5.05,26.0
385,157,2022,1,6.8,38.6
386,158,2022,1,6.89,54.92
387,159,2022,1,6.54,46.16
388,160,2022,1,11.63,63.68
389,161,2022,1,4.29,44.36
390,162,2022,1,6.99,58.52
391,163,2022,1,7.5,42.44
392,164,2022,1,4.19,31.76
393,165,2022,1,6.74,42.32
394,166,2022,1,9.17,39.2
395,167,2022,1,10.65,77.84
396,168,2022,1,5.65,37.28
397,169,2022,1,5.41,41.24
398,170,2022,1,7.36,52.52
399,171,2022,1,5.54,37.88
400,172,2022,1,7.33,44.48
401,173,2022,1,10.69,53.36
402,174,2022,1,9.51,72.2
403,175,2022,1,6.8,43.04
404,176,2022,1,7.14,53.12
405,177,2022,1,8.37,53.12
406,178,2022,1,7.65,76.04
407,179,2022,1,6.25,44.36
408,180,2022,1,5.99,42.08
409,181,2022,1,5.23,44.36
410,182,2022,1,4.34,34.88
411,183,2022,1,8.41,44.12
412,184,2022,1,9.95,53.12
413,185,2022,1,9.23,69.8
414,186,2022,1,4.95,34.52
415,187,2022,1,5.21,45.56
416,188,2022,1,5.11,33.44
417,189,2022,1,9.12,81.32
418,190,2022,1,9.81,36.2
419,191,2022,1,6.11,40.76
420,192,2022,1,7.05,35.12
421,193,2022,1,7.21,22.52
422,194,2022,1,9.85,51.56
423,195,2022,1,4.93,44.36
424,196,2022,1,5.79,44.12
425,197,2022,1,6.42,43.28
426,198,2022,1,5.43,44.36
427,199,2022,1,10.11,65.36
428,200,2022,1,11.54,69.56
429,201,2022,1,4.97,30.08
430,202,2022,1,5.83,43.16
431,203,2022,1,8.56,75.32
432,204,2022,1,6.61,42.08
433,205,2022,1,5.29,42.44
434,206,2022,1,6.25,39.8
435,207,2022,1,5.8,18.44
436,208,2022,1,5.77,42.44
437,209,2022,1,4.88,42.92
438,210,2022,1,6.13,44.6
439,211,2022,1,7.31,45.8
440,212,2022,1,9.01,67.28
441,213,2022,1,4.35,17.6
442,214,2022,1,7.95,57.44
443,215,2022,1,5.11,40.16
444,216,2022,1,11.61,78.56
445,217,2022,1,10.99,72.5
446,218,2022,1,6.27,29.6
447,219,2022,1,4.49,39.44
448,220,2022,1,5.16,41.6
449,221,2022,1,8.85,64.16
450,222,2022,1,6.7,36.92
451,223,2022,1,7.72,56.12
452,224,2022,1,6.86,38.96
453,225,2022,1,7.45,39.32
454,226,2022,1,7.98,57.44
455,227,2022,1,4.29,26.48
456,0,2022,2,9.19,46.52
457,1,2022,2,10.27,60.8
458,2,2022,2,9.43,80.72
459,3,2022,2,10.06,21.68
460,4,2022,2,8.67,45.68
461,5,2022,2,11.08,71.84
462,6,2022,2,10.63,71.24
463,7,2022,2,10.47,48.56
464,8,2022,2,10.54,68.48
465,9,2022,2,7.51,27.92
466,10,2022,2,10.68,47.36
467,11,2022,2,9.72,33.32
468,12,2022,2,9.63,67.88
469,13,2022,2,9.25,77.36
470,14,2022,2,11.47,74.0
471,15,2022,2,9.05,48.44
472,16,2022,2,9.63,77.0
473,17,2022,2,8.35,55.64
474,18,2022,2,9.45,61.64
475,19,2022,2,7.64,78.8
476,20,2022,2,11.07,70.76
477,21,2022,2,8.64,79.28
478,22,2022,2,10.95,73.76
479,23,2022,2,8.05,71.0
480,24,2022,2,9.57,57.56
481,25,2022,2,10.73,62.6
482,26,2022,2,8.71,82.04
483,27,2022,2,7.11,79.04
484,28,2022,2,10.97,47.12
485,29,2022,2,9.64,80.36
486,30,2022,2,8.63,82.64
487,31,2022,2,10.83,73.28
488,32,2022,2,6.73,32.24
489,33,2022,2,9.36,56.12
490,34,2022,2,9.4,21.32
491,35,2022,2,7.4,35.84
492,36,2022,2,7.58,35.84
493,37,2022,2,8.67,61.64
494,38,2022,2,7.82,81.08
495,39,2022,2,8.13,52.64
496,40,2022,2,10.77,69.92
497,41,2022,2,11.59,83.6
498,42,2022,2,8.74,49.04
499,43,2022,2,10.07,78.8
500,44,2022,2,9.95,79.04
501,45,2022,2,9.18,47.48
502,46,2022,2,8.31,42.8
503,47,2022,2,11.51,83.36
504,48,2022,2,10.62,69.92
505,49,2022,2,10.81,50.24
506,50,2022,2,9.25,74.24
507,51,2022,2,10.01,79.04
508,52,2022,2,9.2,65.12
509,53,2022,2,10.25,68.96
510,54,2022,2,10.29,35.96
511,55,2022,2,11.55,68.84
512,56,2022,2,8.08,79.52
513,57,2022,2,8.71,29.48
514,58,2022,2,10.0,72.8
515,59,2022,2,9.11,67.52
516,60,2022,2,8.86,22.64
517,61,2022,2,7.61,30.56
518,62,2022,2,9.89,66.44
519,63,2022,2,10.81,75.68
520,64,2022,2,9.1,46.52
521,65,2022,2,8.75,53.72
522,66,2022,2,11.65,83.12
523,67,2022,2,9.61,22.28
524,68,2022,2,9.39,47.96
525,69,2022,2,10.57,40.88
526,70,2022,2,10.6,71.84
527,71,2022,2,9.36,41.6
528,72,2022,2,8.97,47.0
529,73,2022,2,10.33,56.48
530,74,2022,2,9.51,64.4
531,75,2022,2,11.63,85.52
532,76,2022,2,8.34,77.12
533,77,2022,2,10.04,54.56
534,78,2022,2,9.07,47.24
535,79,2022,2,6.98,79.16
536,80,2022,2,10.73,58.88
537,81,2022,2,10.15,28.28
538,82,2022,2,9.63,77.24
539,83,2022,2,11.25,65.12
540,84,2022,2,9.6,76.28
541,85,2022,2,10.07,25.4
542,86,2022,2,7.43,78.08
543,87,2022,2,9.89,72.89
544,88,2022,2,8.49,58.76
545,89,2022,2,10.07,62.36
546,90,2022,2,8.24,80.84
547,91,2022,2,9.96,86.36
548,92,2022,2,11.6,82.4
549,93,2022,2,8.14,55.88
550,94,2022,2,6.92,55.04
551,95,2022,2,10.15,68.24
552,96,2022,2,9.87,40.4
553,97,2022,2,11.53,88.28
554,98,2022,2,7.45,38.12
555,99,2022,2,8.39,36.92
556,100,2022,2,9.65,83.0
557,101,2022,2,10.29,84.08
558,102,2022,2,7.7,49.88
559,103,2022,2,10.49,80.96
560,104,2022,2,8.08,73.52
561,105,2022,2,11.66,80.84
562,106,2022,2,10.09,30.92
563,107,2022,2,11.41,65.0
564,108,2022,2,7.24,72.68
565,109,2022,2,10.15,37.76
566,110,2022,2,8.71,79.28
567,111,2022,2,10.61,84.2
568,112,2022,2,7.68,81.68
569,113,2022,2,10.35,39.68
570,114,2022,2,11.15,41.6
571,115,2022,2,9.63,85.4
572,116,2022,2,8.33,54.92
573,117,2022,2,7.88,55.52
574,118,2022,2,8.99,32.72
575,119,2022,2,10.66,64.28
576,120,2022,2,8.85,26.24
577,121,2022,2,10.67,74.6
578,122,2022,2,9.85,71.24
579,123,2022,2,7.54,81.56
580,124,2022,2,9.17,44.84
581,125,2022,2,10.75,60.68
582,126,2022,2,11.64,70.16
583,127,2022,2,10.85,53.36
584,128,2022,2,10.57,43.52
585,129,2022,2,9.17,51.68
586,130,2022,2,7.76,39.44
587,131,2022,2,9.36,56.12
588,132,2022,2,10.26,41.96
589,133,2022,2,9.06,45.08
590,134,2022,2,7.21,59.96
591,135,2022,2,7.87,56.84
592,136,2022,2,11.23,67.76
593,137,2022,2,9.86,60.32
594,138,2022,2,8.62,55.4
595,139,2022,2,8.55,77.36
596,140,2022,2,9.55,69.68
597,141,2022,2,9.73,65.48
598,142,2022,2,10.81,67.88
599,143,2022,2,10.16,51.68
600,144,2022,2,8.65,57.32
601,145,2022,2,10.43,51.68
602,146,2022,2,8.05,44.0
603,147,2022,2,9.55,85.52
604,148,2022,2,10.4,45.08
605,149,2022,2,11.32,66.92
606,150,2022,2,10.71,72.08
607,151,2022,2,7.42,31.76
608,152,2022,2,10.2,38.72
609,153,2022,2,11.07,32.0
610,154,2022,2,10.2,81.68
611,155,2022,2,9.17,50.6
612,156,2022,2,7.2,34.88
613,157,2022,2,10.61,39.68
614,158,2022,2,7.44,54.92
615,159,2022,2,10.94,47.0
616,160,2022,2,11.04,66.56
617,161,2022,2,8.67,46.52
618,162,2022,2,9.94,61.64
619,163,2022,2,9.19,48.8
620,164,2022,2,10.46,33.56
621,165,2022,2,10.2,41.84
622,166,2022,2,9.89,58.4
623,167,2022,2,10.51,86.36
624,168,2022,2,9.48,49.4
625,169,2022,2,10.31,43.28
626,170,2022,2,10.98,51.44
627,171,2022,2,6.84,40.52
628,172,2022,2,9.96,47.6
629,173,2022,2,8.63,51.44
630,174,2022,2,9.81,66.92
631,175,2022,2,7.72,46.04
632,176,2022,2,10.75,50.6
633,177,2022,2,11.41,70.88
634,178,2022,2,9.73,79.64
635,179,2022,2,9.99,48.44
636,180,2022,2,9.11,55.76
637,181,2022,2,9.06,46.04
638,182,2022,2,11.21,35.84
639,183,2022,2,9.07,49.88
640,184,2022,2,8.56,56.24
641,185,2022,2,9.11,67.4
642,186,2022,2,11.35,34.88
643,187,2022,2,8.81,49.04
644,188,2022,2,10.44,38.36
645,189,2022,2,10.22,83.36
646,190,2022,2,9.32,41.6
647,191,2022,2,11.07,42.68
648,192,2022,2,8.93,42.32
649,193,2022,2,9.61,31.76
650,194,2022,2,9.35,53.24
651,195,2022,2,10.15,47.24
652,196,2022,2,9.46,47.6
653,197,2022,2,10.75,40.76
654,198,2022,2,9.53,49.04
655,199,2022,2,10.01,67.64
656,200,2022,2,11.6,79.28
657,201,2022,2,10.52,32.84
658,202,2022,2,10.29,45.68
659,203,2022,2,10.43,85.16
660,204,2022,2,9.92,45.8
661,205,2022,2,10.15,44.72
662,206,2022,2,11.13,40.76
663,207,2022,2,8.49,26.84
664,208,2022,2,10.74,42.8
665,209,2022,2,8.46,46.88
666,210,2022,2,9.22,48.56
667,211,2022,2,7.07,44.6
668,212,2022,2,11.63,75.44
669,213,2022,2,8.03,31.64
670,214,2022,2,8.61,53.72
671,215,2022,2,8.49,44.48
672,216,2022,2,11.63,75.2
673,217,2022,2,11.51,81.2
674,218,2022,2,10.19,34.04
675,219,2022,2,8.29,43.52
676,220,2022,2,8.39,44.24
677,221,2022,2,10.52,68.48
678,222,2022,2,11.15,40.76
679,223,2022,2,7.85,50.6
680,224,2022,2,10.49,44.12
681,225,2022,2,9.44,46.52
682,226,2022,2,9.77,55.52
683,227,2022,2,6.49,35.72
684,0,2022,3,9.35,52.88
685,1,2022,3,11.39,61.04
686,2,2022,3,7.0,80.12
687,3,2022,3,9.12,29.36
688,4,2022,3,10.21,48.08
689,5,2022,3,7.11,69.44
690,6,2022,3,6.91,67.88
691,7,2022,3,11.35,52.28
692,8,2022,3,8.79,62.36
693,9,2022,3,8.41,29.0
694,10,2022,3,10.65,55.64
695,11,2022,3,10.67,47.24
696,12,2022,3,6.62,64.76
697,13,2022,3,11.44,78.32
698,14,2022,3,12.59,79.64
699,15,2022,3,10.09,50.84
700,16,2022,3,7.61,77.12
701,17,2022,3,10.25,61.16
702,18,2022,3,10.87,65.12
703,19,2022,3,7.34,77.12
704,20,2022,3,10.51,65.12
705,21,2022,3,6.89,75.2
706,22,2022,3,10.71,66.32
707,23,2022,3,6.29,68.0
708,24,2022,3,9.17,48.8
709,25,2022,3,11.43,64.88
710,26,2022,3,7.04,78.68
711,27,2022,3,5.87,77.12
712,28,2022,3,10.03,53.36
713,29,2022,3,9.6,80.24
714,30,2022,3,8.52,83.6
715,31,2022,3,6.96,70.28
716,32,2022,3,8.77,40.28
717,33,2022,3,11.12,65.12
718,34,2022,3,10.27,33.2
719,35,2022,3,9.83,37.64
720,36,2022,3,9.01,44.12
721,37,2022,3,10.05,69.32
722,38,2022,3,8.78,80.84
723,39,2022,3,8.81,53.72
724,40,2022,3,8.43,62.48
725,41,2022,3,11.96,91.4
726,42,2022,3,10.04,53.24
727,43,2022,3,11.39,79.28
728,44,2022,3,9.95,79.76
729,45,2022,3,10.3,50.12
730,46,2022,3,11.73,44.48
731,47,2022,3,11.54,90.44
732,48,2022,3,8.02,62.96
733,49,2022,3,12.79,59.96
734,50,2022,3,9.93,72.8
735,51,2022,3,9.87,78.8
736,52,2022,3,7.53,62.24
737,53,2022,3,10.16,64.28
738,54,2022,3,10.41,42.08
739,55,2022,3,6.67,62.24
740,56,2022,3,8.05,77.24
741,57,2022,3,9.87,38.0
742,58,2022,3,6.65,69.8
743,59,2022,3,6.29,63.8
744,60,2022,3,8.2,21.8
745,61,2022,3,8.39,37.4
746,62,2022,3,7.45,62.24
747,63,2022,3,8.71,66.8
748,64,2022,3,8.99,50.12
749,65,2022,3,9.39,56.6
750,66,2022,3,12.87,93.2
751,67,2022,3,9.43,34.16
752,68,2022,3,10.31,59.24
753,69,2022,3,10.63,44.96
754,70,2022,3,8.09,65.36
755,71,2022,3,11.24,54.32
756,72,2022,3,8.98,49.64
757,73,2022,3,9.48,71.0
758,74,2022,3,9.39,74.0
759,75,2022,3,11.04,79.64
760,76,2022,3,9.57,76.52
761,77,2022,3,9.87,51.92
762,78,2022,3,10.22,53.84
763,79,2022,3,6.37,79.64
764,80,2022,3,8.94,74.72
765,81,2022,3,11.77,38.96
766,82,2022,3,10.51,78.68
767,83,2022,3,12.43,74.96
768,84,2022,3,8.85,75.92
769,85,2022,3,10.34,33.32
770,86,2022,3,7.68,78.2
771,87,2022,3,6.42,69.68
772,88,2022,3,10.0,60.44
773,89,2022,3,7.17,57.32
774,90,2022,3,5.76,78.08
775,91,2022,3,10.15,87.8
776,92,2022,3,12.66,92.96
777,93,2022,3,10.03,58.52
778,94,2022,3,9.71,58.28
779,95,2022,3,10.13,64.88
780,96,2022,3,10.65,48.8
781,97,2022,3,11.47,88.64
782,98,2022,3,9.94,52.88
783,99,2022,3,9.86,52.04
784,100,2022,3,8.75,83.96
785,101,2022,3,10.17,85.04
786,102,2022,3,10.01,55.52
787,103,2022,3,8.6,81.2
788,104,2022,3,7.45,68.48
789,105,2022,3,7.01,74.36
790,106,2022,3,10.14,46.16
791,107,2022,3,11.44,69.8
792,108,2022,3,9.47,72.32
793,109,2022,3,10.93,43.16
794,110,2022,3,7.87,79.16
795,111,2022,3,11.36,84.8
796,112,2022,3,7.18,81.92
797,113,2022,3,11.51,50.96
798,114,2022,3,10.1,45.2
799,115,2022,3,11.65,85.28
800,116,2022,3,10.02,56.36
801,117,2022,3,10.0,58.76
802,118,2022,3,9.69,44.72
803,119,2022,3,11.35,63.2
804,120,2022,3,9.85,41.72
805,121,2022,3,11.62,75.68
806,122,2022,3,9.94,73.76
807,123,2022,3,7.67,81.56
808,124,2022,3,12.17,57.68
809,125,2022,3,11.83,67.88
810,126,2022,3,10.8,62.96
811,127,2022,3,10.25,52.28
812,128,2022,3,10.44,47.0
813,129,2022,3,11.06,60.32
814,130,2022,3,10.11,47.24
815,131,2022,3,11.43,65.12
816,132,2022,3,9.79,46.76
817,133,2022,3,9.92,52.4
818,134,2022,3,8.79,59.6
819,135,2022,3,10.45,61.4
820,136,2022,3,11.5,69.8
821,137,2022,3,8.81,74.0
822,138,2022,3,11.49,61.28
823,139,2022,3,9.48,76.88
824,140,2022,3,6.33,66.44
825,141,2022,3,6.65,58.52
826,142,2022,3,10.55,71.12
827,143,2022,3,10.71,57.68
828,144,2022,3,9.88,61.28
829,145,2022,3,12.15,61.88
830,146,2022,3,10.36,58.52
831,147,2022,3,11.78,86.24
832,148,2022,3,12.78,64.52
833,149,2022,3,12.49,76.28
834,150,2022,3,10.7,67.16
835,151,2022,3,9.49,42.68
836,152,2022,3,10.66,44.24
837,153,2022,3,8.92,41.36
838,154,2022,3,10.92,81.68
839,155,2022,3,10.43,54.32
840,156,2022,3,9.84,43.76
841,157,2022,3,9.15,46.88
842,158,2022,3,7.33,54.8
843,159,2022,3,9.87,53.96
844,160,2022,3,11.26,71.72
845,161,2022,3,8.98,50.12
846,162,2022,3,9.89,71.36
847,163,2022,3,9.51,55.04
848,164,2022,3,11.16,40.04
849,165,2022,3,9.67,50.12
850,166,2022,3,10.41,63.44
851,167,2022,3,12.49,88.88
852,168,2022,3,11.61,59.96
853,169,2022,3,9.61,46.04
854,170,2022,3,10.71,58.28
855,171,2022,3,8.28,41.6
856,172,2022,3,10.4,55.4
857,173,2022,3,11.33,53.36
858,174,2022,3,9.79,64.16
859,175,2022,3,7.4,43.04
860,176,2022,3,10.45,56.72
861,177,2022,3,11.25,72.68
862,178,2022,3,9.95,79.64
863,179,2022,3,10.17,52.4
864,180,2022,3,11.45,63.68
865,181,2022,3,8.97,48.68
866,182,2022,3,10.6,44.0
867,183,2022,3,10.36,54.68
868,184,2022,3,10.39,59.96
869,185,2022,3,7.29,63.8
870,186,2022,3,8.45,42.8
871,187,2022,3,9.84,52.52
872,188,2022,3,12.63,42.56
873,189,2022,3,12.13,84.08
874,190,2022,3,11.21,54.32
875,191,2022,3,9.54,46.64
876,192,2022,3,11.07,50.12
877,193,2022,3,8.97,28.76
878,194,2022,3,10.73,58.04
879,195,2022,3,10.27,51.68
880,196,2022,3,10.37,50.24
881,197,2022,3,9.56,49.4
882,198,2022,3,10.5,52.88
883,199,2022,3,9.68,68.0
884,200,2022,3,12.0,85.04
885,201,2022,3,11.19,39.32
886,202,2022,3,10.43,50.36
887,203,2022,3,11.7,86.12
888,204,2022,3,10.59,49.04
889,205,2022,3,9.65,47.48
890,206,2022,3,10.57,44.6
891,207,2022,3,8.87,29.84
892,208,2022,3,9.35,45.56
893,209,2022,3,9.23,50.48
894,210,2022,3,10.37,51.68
895,211,2022,3,10.41,46.16
896,212,2022,3,11.72,84.32
897,213,2022,3,8.57,40.88
898,214,2022,3,11.51,65.84
899,215,2022,3,9.39,47.0
900,216,2022,3,11.75,76.64
901,217,2022,3,12.83,89.12
902,218,2022,3,12.02,44.6
903,219,2022,3,9.25,47.12
904,220,2022,3,8.94,47.84
905,221,2022,3,12.94,81.08
906,222,2022,3,9.81,44.96
907,223,2022,3,11.83,65.36
908,224,2022,3,10.34,48.32
909,225,2022,3,10.15,51.08
910,226,2022,3,10.87,60.2
911,227,2022,3,11.63,42.8
912,0,2022,4,10.34,67.52
913,1,2022,4,13.34,62.72
914,2,2022,4,8.1,78.92
915,3,2022,4,10.33,39.68
916,4,2022,4,14.37,55.16
917,5,2022,4,5.29,68.12
918,6,2022,4,5.11,64.88
919,7,2022,4,13.87,60.2
920,8,2022,4,6.61,54.68
921,9,2022,4,13.79,39.56
922,10,2022,4,13.48,66.8
923,11,2022,4,12.39,59.12
924,12,2022,4,5.8,61.16
925,13,2022,4,11.73,80.48
926,14,2022,4,13.32,81.8
927,15,2022,4,13.12,56.24
928,16,2022,4,9.98,79.28
929,17,2022,4,13.97,70.76
930,18,2022,4,10.21,73.52
931,19,2022,4,6.92,75.08
932,20,2022,4,8.0,59.96
933,21,2022,4,6.11,72.68
934,22,2022,4,7.6,58.28
935,23,2022,4,5.33,67.16
936,24,2022,4,6.62,43.76
937,25,2022,4,13.91,72.63
938,26,2022,4,8.55,78.08
939,27,2022,4,5.89,74.12
940,28,2022,4,14.29,69.44
941,29,2022,4,10.49,81.56
942,30,2022,4,7.92,83.0
943,31,2022,4,5.28,69.2
944,32,2022,4,12.23,60.44
945,33,2022,4,11.43,79.64
946,34,2022,4,12.01,46.04
947,35,2022,4,11.59,47.6
948,36,2022,4,12.48,59.0
949,37,2022,4,11.92,77.72
950,38,2022,4,11.21,82.52
951,39,2022,4,13.26,64.88
952,40,2022,4,5.55,60.8
953,41,2022,4,13.67,96.44
954,42,2022,4,13.08,66.8
955,43,2022,4,11.06,80.6
956,44,2022,4,10.14,81.08
957,45,2022,4,12.54,57.8
958,46,2022,4,14.45,49.52
959,47,2022,4,13.61,94.16
960,48,2022,4,6.79,54.68
961,49,2022,4,13.97,68.72
962,50,2022,4,11.44,74.0
963,51,2022,4,10.74,80.48
964,52,2022,4,6.6,58.16
965,53,2022,4,7.81,61.28
966,54,2022,4,12.67,57.8
967,55,2022,4,7.87,62.0
968,56,2022,4,6.55,75.08
969,57,2022,4,10.51,53.0
970,58,2022,4,5.15,68.84
971,59,2022,4,5.63,58.88
972,60,2022,4,14.04,36.56
973,61,2022,4,12.36,58.16
974,62,2022,4,6.87,56.0
975,63,2022,4,6.49,63.68
976,64,2022,4,13.13,55.88
977,65,2022,4,13.3,68.6
978,66,2022,4,13.4,98.12
979,67,2022,4,13.36,44.12
980,68,2022,4,11.31,65.6
981,69,2022,4,14.92,54.8
982,70,2022,4,6.78,58.16
983,71,2022,4,10.65,67.04
984,72,2022,4,13.25,54.56
985,73,2022,4,11.01,82.4
986,74,2022,4,11.47,80.84
987,75,2022,4,7.43,73.88
988,76,2022,4,9.49,80.24
989,77,2022,4,13.55,63.8
990,78,2022,4,10.39,65.6
991,79,2022,4,6.03,75.92
992,80,2022,4,10.66,82.28
993,81,2022,4,15.53,47.24
994,82,2022,4,11.77,79.64
995,83,2022,4,13.85,82.64
996,84,2022,4,8.97,78.56
997,85,2022,4,11.99,47.12
998,86,2022,4,8.97,78.2
999,87,2022,4,5.09,68.84
1000,88,2022,4,13.27,70.88
1001,89,2022,4,7.13,51.08
1002,90,2022,4,5.65,74.6
1003,91,2022,4,9.73,83.24
1004,92,2022,4,13.63,98.24
1005,93,2022,4,10.86,66.8
1006,94,2022,4,13.91,69.08
1007,95,2022,4,8.99,56.84
1008,96,2022,4,13.72,66.08
1009,97,2022,4,11.17,88.04
1010,98,2022,4,14.3,62.24
1011,99,2022,4,12.98,65.6
1012,100,2022,4,7.33,83.84
1013,101,2022,4,10.44,79.4
1014,102,2022,4,14.16,72.2
1015,103,2022,4,8.8,82.16
1016,104,2022,4,7.62,61.64
1017,105,2022,4,7.38,69.56
1018,106,2022,4,10.94,59.84
1019,107,2022,4,11.44,71.12
1020,108,2022,4,9.4,75.44
1021,109,2022,4,13.24,58.76
1022,110,2022,4,8.95,80.36
1023,111,2022,4,10.08,83.72
1024,112,2022,4,8.19,83.84
1025,113,2022,4,13.78,66.68
1026,114,2022,4,13.31,61.4
1027,115,2022,4,10.23,81.44
1028,116,2022,4,9.98,65.36
1029,117,2022,4,14.53,69.92
1030,118,2022,4,12.55,56.36
1031,119,2022,4,13.77,66.92
1032,120,2022,4,12.27,48.92
1033,121,2022,4,10.75,79.64
1034,122,2022,4,9.76,74.0
1035,123,2022,4,8.93,81.2
1036,124,2022,4,13.77,65.36
1037,125,2022,4,13.87,77.0
1038,126,2022,4,8.59,59.6
1039,127,2022,4,13.19,56.72
1040,128,2022,4,13.7,62.36
1041,129,2022,4,11.09,64.04
1042,130,2022,4,12.66,62.6
1043,131,2022,4,11.36,79.64
1044,132,2022,4,13.49,64.16
1045,133,2022,4,13.38,63.2
1046,134,2022,4,8.65,60.08
1047,135,2022,4,14.01,69.44
1048,136,2022,4,9.89,70.64
1049,137,2022,4,11.21,82.28
1050,138,2022,4,13.75,74.48
1051,139,2022,4,9.67,80.48
1052,140,2022,4,6.07,63.32
1053,141,2022,4,7.68,57.08
1054,142,2022,4,8.99,71.96
1055,143,2022,4,14.37,68.48
1056,144,2022,4,11.3,69.8
1057,145,2022,4,12.07,64.76
1058,146,2022,4,11.3,69.44
1059,147,2022,4,10.2,82.76
1060,148,2022,4,13.83,71.0
1061,149,2022,4,13.92,84.32
1062,150,2022,4,8.7,64.28
1063,151,2022,4,12.33,61.88
1064,152,2022,4,12.91,58.28
1065,153,2022,4,13.9,50.6
1066,154,2022,4,9.91,81.56
1067,155,2022,4,13.51,65.48
1068,156,2022,4,12.21,56.0
1069,157,2022,4,12.93,64.28
1070,158,2022,4,6.56,56.48
1071,159,2022,4,14.23,66.68
1072,160,2022,4,11.43,72.44
1073,161,2022,4,13.57,56.6
1074,162,2022,4,10.65,79.04
1075,163,2022,4,12.99,67.04
1076,164,2022,4,15.31,47.96
1077,165,2022,4,13.17,67.04
1078,166,2022,4,13.5,69.56
1079,167,2022,4,8.71,81.2
1080,168,2022,4,12.21,62.96
1081,169,2022,4,14.35,58.04
1082,170,2022,4,14.28,68.12
1083,171,2022,4,11.29,47.84
1084,172,2022,4,14.03,71.72
1085,173,2022,4,9.35,53.6
1086,174,2022,4,7.74,56.56
1087,175,2022,4,11.27,51.2
1088,176,2022,4,14.39,68.12
1089,177,2022,4,10.96,72.68
1090,178,2022,4,10.29,80.72
1091,179,2022,4,14.71,62.24
1092,180,2022,4,11.66,67.4
1093,181,2022,4,14.04,54.32
1094,182,2022,4,14.53,50.6
1095,183,2022,4,13.25,70.04
1096,184,2022,4,12.35,72.08
1097,185,2022,4,5.33,60.08
1098,186,2022,4,14.15,50.96
1099,187,2022,4,12.29,59.6
1100,188,2022,4,15.53,52.04
1101,189,2022,4,10.69,83.96
1102,190,2022,4,10.49,67.04
1103,191,2022,4,13.48,63.32
1104,192,2022,4,13.31,62.84
1105,193,2022,4,14.69,45.92
1106,194,2022,4,12.49,68.24
1107,195,2022,4,14.77,63.92
1108,196,2022,4,14.55,59.72
1109,197,2022,4,13.02,64.76
1110,198,2022,4,14.8,64.4
1111,199,2022,4,8.07,67.16
1112,200,2022,4,13.38,86.84
1113,201,2022,4,15.69,47.84
1114,202,2022,4,14.65,65.72
1115,203,2022,4,10.15,80.36
1116,204,2022,4,14.1,64.76
1117,205,2022,4,14.55,60.8
1118,206,2022,4,15.03,53.72
1119,207,2022,4,14.24,47.96
1120,208,2022,4,13.29,61.88
1121,209,2022,4,13.11,56.36
1122,210,2022,4,15.19,59.6
1123,211,2022,4,10.73,43.76
1124,212,2022,4,13.64,90.44
1125,213,2022,4,12.31,59.24
1126,214,2022,4,13.65,71.72
1127,215,2022,4,13.85,53.0
1128,216,2022,4,11.6,77.48
1129,217,2022,4,13.15,92.48
1130,218,2022,4,15.59,52.76
1131,219,2022,4,12.92,52.04
1132,220,2022,4,13.19,52.76
1133,221,2022,4,13.76,89.84
1134,222,2022,4,12.99,62.0
1135,223,2022,4,13.67,70.88
1136,224,2022,4,13.37,63.8
1137,225,2022,4,13.4,66.08
1138,226,2022,4,13.65,67.4
1139,227,2022,4,14.84,46.4
1140,0,2022,5,13.21,73.64
1141,1,2022,5,14.08,68.6
1142,2,2022,5,9.01,77.6
1143,3,2022,5,14.67,56.0
1144,4,2022,5,15.11,59.36
1145,5,2022,5,7.45,59.36
1146,6,2022,5,7.99,55.76
1147,7,2022,5,14.08,70.28
1148,8,2022,5,5.76,51.08
1149,9,2022,5,14.24,50.6
1150,10,2022,5,13.77,75.08
1151,11,2022,5,12.83,68.24
1152,12,2022,5,7.79,53.84
1153,13,2022,5,11.21,80.72
1154,14,2022,5,13.8,87.2
1155,15,2022,5,16.18,61.64
1156,16,2022,5,9.62,80.6
1157,17,2022,5,14.14,77.0
1158,18,2022,5,11.13,82.04
1159,19,2022,5,7.18,69.68
1160,20,2022,5,6.69,58.04
1161,21,2022,5,6.96,64.76
1162,22,2022,5,6.59,55.52
1163,23,2022,5,7.92,57.92
1164,24,2022,5,5.64,33.08
1165,25,2022,5,13.99,83.72
1166,26,2022,5,9.13,76.76
1167,27,2022,5,6.34,71.12
1168,28,2022,5,15.17,74.96
1169,29,2022,5,11.42,82.16
1170,30,2022,5,7.39,80.36
1171,31,2022,5,7.63,59.72
1172,32,2022,5,11.93,59.96
1173,33,2022,5,10.85,82.16
1174,34,2022,5,12.86,58.28
1175,35,2022,5,14.82,57.56
1176,36,2022,5,12.9,65.72
1177,37,2022,5,12.25,84.32
1178,38,2022,5,9.51,83.6
1179,39,2022,5,13.05,69.44
1180,40,2022,5,5.01,60.8
1181,41,2022,5,12.85,91.76
1182,42,2022,5,15.35,72.8
1183,43,2022,5,10.91,80.12
1184,44,2022,5,8.53,78.68
1185,45,2022,5,16.13,62.12
1186,46,2022,5,15.41,53.72
1187,47,2022,5,13.11,88.52
1188,48,2022,5,6.1,50.6
1189,49,2022,5,13.63,79.52
1190,50,2022,5,12.0,74.48
1191,51,2022,5,10.51,80.6
1192,52,2022,5,8.11,51.56
1193,53,2022,5,6.93,59.6
1194,54,2022,5,14.46,62.36
1195,55,2022,5,6.05,58.4
1196,56,2022,5,7.72,69.32
1197,57,2022,5,14.86,60.44
1198,58,2022,5,7.57,58.76
1199,59,2022,5,8.27,51.68
1200,60,2022,5,13.39,49.64
1201,61,2022,5,11.96,56.72
1202,62,2022,5,5.43,52.64
1203,63,2022,5,5.21,62.24
1204,64,2022,5,15.86,60.8
1205,65,2022,5,13.59,73.76
1206,66,2022,5,13.26,96.32
1207,67,2022,5,13.16,58.4
1208,68,2022,5,13.84,74.12
1209,69,2022,5,15.55,59.6
1210,70,2022,5,5.81,53.72
1211,71,2022,5,14.01,81.68
1212,72,2022,5,15.66,59.0
1213,73,2022,5,11.2,90.92
1214,74,2022,5,11.51,84.08
1215,75,2022,5,7.55,72.32
1216,76,2022,5,9.76,82.88
1217,77,2022,5,14.19,72.8
1218,78,2022,5,11.31,73.04
1219,79,2022,5,6.06,76.16
1220,80,2022,5,11.54,89.36
1221,81,2022,5,15.75,58.52
1222,82,2022,5,10.98,80.24
1223,83,2022,5,13.8,95.36
1224,84,2022,5,9.42,81.68
1225,85,2022,5,14.85,53.0
1226,86,2022,5,7.94,76.64
1227,87,2022,5,7.76,58.4
1228,88,2022,5,14.54,79.76
1229,89,2022,5,5.59,47.12
1230,90,2022,5,7.65,68.72
1231,91,2022,5,12.43,86.96
1232,92,2022,5,12.91,95.6
1233,93,2022,5,13.29,68.84
1234,94,2022,5,14.03,77.48
1235,95,2022,5,8.15,50.12
1236,96,2022,5,13.85,71.48
1237,97,2022,5,8.37,84.2
1238,98,2022,5,13.59,71.96
1239,99,2022,5,14.63,71.84
1240,100,2022,5,7.6,83.0
1241,101,2022,5,11.02,80.48
1242,102,2022,5,14.13,80.24
1243,103,2022,5,7.53,79.76
1244,104,2022,5,6.86,62.84
1245,105,2022,5,7.5,68.72
1246,106,2022,5,14.19,63.68
1247,107,2022,5,8.81,63.44
1248,108,2022,5,11.17,82.04
1249,109,2022,5,12.87,64.04
1250,110,2022,5,8.05,78.08
1251,111,2022,5,10.54,83.96
1252,112,2022,5,7.22,80.84
1253,113,2022,5,13.26,72.44
1254,114,2022,5,15.81,66.56
1255,115,2022,5,12.21,84.44
1256,116,2022,5,12.3,69.08
1257,117,2022,5,14.47,78.56
1258,118,2022,5,15.94,67.4
1259,119,2022,5,14.31,74.96
1260,120,2022,5,15.43,62.24
1261,121,2022,5,12.62,83.0
1262,122,2022,5,10.07,80.6
1263,123,2022,5,9.55,79.64
1264,124,2022,5,12.99,73.64
1265,125,2022,5,14.42,89.0
1266,126,2022,5,7.19,52.52
1267,127,2022,5,14.23,61.04
1268,128,2022,5,15.97,67.64
1269,129,2022,5,12.02,70.52
1270,130,2022,5,13.45,71.12
1271,131,2022,5,11.17,82.16
1272,132,2022,5,13.62,67.16
1273,133,2022,5,12.31,69.92
1274,134,2022,5,8.51,59.0
1275,135,2022,5,14.29,75.32
1276,136,2022,5,9.16,71.48
1277,137,2022,5,11.71,88.04
1278,138,2022,5,14.08,79.28
1279,139,2022,5,9.11,82.88
1280,140,2022,5,8.0,56.24
1281,141,2022,5,8.97,52.04
1282,142,2022,5,10.53,78.8
1283,143,2022,5,14.5,77.24
1284,144,2022,5,11.6,72.44
1285,145,2022,5,11.81,72.56
1286,146,2022,5,10.79,78.32
1287,147,2022,5,11.13,84.08
1288,148,2022,5,13.1,78.32
1289,149,2022,5,14.01,96.92
1290,150,2022,5,8.7,61.76
1291,151,2022,5,11.7,62.36
1292,152,2022,5,13.87,65.12
1293,153,2022,5,14.91,61.4
1294,154,2022,5,9.37,80.24
1295,155,2022,5,15.85,69.56
1296,156,2022,5,14.44,65.6
1297,157,2022,5,12.82,68.48
1298,158,2022,5,7.26,53.72
1299,159,2022,5,14.87,75.92
1300,160,2022,5,9.57,64.28
1301,161,2022,5,15.73,59.72
1302,162,2022,5,13.4,84.56
1303,163,2022,5,12.43,73.28
1304,164,2022,5,16.01,58.28
1305,165,2022,5,13.27,70.52
1306,166,2022,5,13.55,84.8
1307,167,2022,5,9.75,80.48
1308,168,2022,5,11.39,70.64
1309,169,2022,5,15.59,60.08
1310,170,2022,5,13.96,77.12
1311,171,2022,5,13.09,55.4
1312,172,2022,5,15.75,79.04
1313,173,2022,5,9.16,50.48
1314,174,2022,5,7.78,50.48
1315,175,2022,5,13.53,57.92
1316,176,2022,5,14.13,75.44
1317,177,2022,5,10.01,74.48
1318,178,2022,5,9.02,81.08
1319,179,2022,5,15.91,65.36
1320,180,2022,5,12.07,78.32
1321,181,2022,5,15.19,57.68
1322,182,2022,5,15.93,59.72
1323,183,2022,5,15.46,74.36
1324,184,2022,5,14.23,80.48
1325,185,2022,5,6.17,54.32
1326,186,2022,5,14.96,59.6
1327,187,2022,5,16.09,65.12
1328,188,2022,5,16.06,61.4
1329,189,2022,5,10.55,84.68
1330,190,2022,5,14.03,81.68
1331,191,2022,5,15.56,66.56
1332,192,2022,5,12.67,64.76
1333,193,2022,5,14.37,56.48
1334,194,2022,5,15.53,75.92
1335,195,2022,5,15.75,67.28
1336,196,2022,5,16.19,62.6
1337,197,2022,5,14.13,68.96
1338,198,2022,5,15.94,66.92
1339,199,2022,5,7.17,65.12
1340,200,2022,5,13.8,95.6
1341,201,2022,5,16.42,58.04
1342,202,2022,5,15.93,69.56
1343,203,2022,5,11.61,82.4
1344,204,2022,5,15.47,69.44
1345,205,2022,5,16.09,63.56
1346,206,2022,5,15.29,59.84
1347,207,2022,5,13.84,58.28
1348,208,2022,5,15.85,67.52
1349,209,2022,5,15.64,60.08
1350,210,2022,5,16.12,63.68
1351,211,2022,5,10.77,40.04
1352,212,2022,5,13.8,96.2
1353,213,2022,5,12.01,61.88
1354,214,2022,5,14.03,78.56
1355,215,2022,5,14.72,56.36
1356,216,2022,5,10.41,79.4
1357,217,2022,5,13.35,94.4
1358,218,2022,5,16.53,61.04
1359,219,2022,5,14.69,55.52
1360,220,2022,5,14.71,56.48
1361,221,2022,5,14.0,99.08
1362,222,2022,5,14.73,65.0
1363,223,2022,5,13.88,77.48
1364,224,2022,5,15.27,68.12
1365,225,2022,5,15.21,70.28
1366,226,2022,5,14.53,75.44
1367,227,2022,5,4.99,49.88
1368,0,2022,6,11.67,76.76
1369,1,2022,6,13.99,70.16
1370,2,2022,6,7.65,74.84
1371,3,2022,6,10.81,69.44
1372,4,2022,6,15.37,64.88
1373,5,2022,6,7.1,58.52
1374,6,2022,6,7.84,54.56
1375,7,2022,6,13.67,78.32
1376,8,2022,6,6.96,47.36
1377,9,2022,6,15.71,64.52
1378,10,2022,6,14.43,79.04
1379,11,2022,6,11.83,74.36
1380,12,2022,6,6.59,52.88
1381,13,2022,6,10.71,81.08
1382,14,2022,6,13.59,90.44
1383,15,2022,6,15.4,68.36
1384,16,2022,6,10.35,81.68
1385,17,2022,6,14.2,80.48
1386,18,2022,6,9.33,80.84
1387,19,2022,6,10.39,67.16
1388,20,2022,6,6.39,56.24
1389,21,2022,6,7.69,62.48
1390,22,2022,6,7.41,53.6
1391,23,2022,6,6.79,57.32
1392,24,2022,6,5.29,33.2
1393,25,2022,6,13.71,91.4
1394,26,2022,6,7.99,74.48
1395,27,2022,6,5.24,69.08
1396,28,2022,6,14.59,79.64
1397,29,2022,6,12.52,83.96
1398,30,2022,6,6.83,77.0
1399,31,2022,6,6.82,58.88
1400,32,2022,6,12.96,69.68
1401,33,2022,6,11.33,91.76
1402,34,2022,6,11.09,63.08
1403,35,2022,6,14.98,70.16
1404,36,2022,6,13.34,71.84
1405,37,2022,6,9.63,83.0
1406,38,2022,6,9.23,83.36
1407,39,2022,6,13.7,73.64
1408,40,2022,6,6.02,57.92
1409,41,2022,6,10.79,86.12
1410,42,2022,6,13.83,76.28
1411,43,2022,6,10.43,80.84
1412,44,2022,6,10.22,82.04
1413,45,2022,6,15.67,69.56
1414,46,2022,6,15.22,57.08
1415,47,2022,6,9.5,80.48
1416,48,2022,6,6.6,47.48
1417,49,2022,6,13.01,84.92
1418,50,2022,6,12.05,76.88
1419,51,2022,6,9.69,80.6
1420,52,2022,6,6.99,50.48
1421,53,2022,6,6.6,57.68
1422,54,2022,6,15.02,65.0
1423,55,2022,6,6.57,56.48
1424,56,2022,6,9.07,66.8
1425,57,2022,6,13.32,63.92
1426,58,2022,6,6.75,58.4
1427,59,2022,6,6.45,50.6
1428,60,2022,6,15.11,61.52
1429,61,2022,6,12.88,65.84
1430,62,2022,6,6.64,49.64
1431,63,2022,6,6.47,59.6
1432,64,2022,6,15.39,69.56
1433,65,2022,6,13.86,78.32
1434,66,2022,6,10.86,91.28
1435,67,2022,6,13.59,64.76
1436,68,2022,6,11.85,75.8
1437,69,2022,6,15.35,63.44
1438,70,2022,6,6.97,50.48
1439,71,2022,6,13.99,87.8
1440,72,2022,6,15.53,65.24
1441,73,2022,6,11.37,94.4
1442,74,2022,6,11.2,85.4
1443,75,2022,6,8.49,68.0
1444,76,2022,6,9.46,85.16
1445,77,2022,6,13.52,72.32
1446,78,2022,6,9.97,72.92
1447,79,2022,6,4.93,76.52
1448,80,2022,6,11.15,90.8
1449,81,2022,6,15.55,64.64
1450,82,2022,6,10.91,80.6
1451,83,2022,6,13.57,99.44
1452,84,2022,6,9.43,83.36
1453,85,2022,6,15.03,56.36
1454,86,2022,6,6.83,74.0
1455,87,2022,6,6.89,58.16
1456,88,2022,6,14.5,83.24
1457,89,2022,6,6.7,44.0
1458,90,2022,6,7.96,65.84
1459,91,2022,6,10.25,82.52
1460,92,2022,6,10.23,90.2
1461,93,2022,6,13.29,74.12
1462,94,2022,6,14.57,81.56
1463,95,2022,6,8.65,53.36
1464,96,2022,6,14.37,76.64
1465,97,2022,6,6.95,79.4
1466,98,2022,6,14.14,75.8
1467,99,2022,6,14.77,78.32
1468,100,2022,6,6.99,82.64
1469,101,2022,6,10.48,79.16
1470,102,2022,6,14.39,87.8
1471,103,2022,6,6.35,79.76
1472,104,2022,6,8.44,68.84
1473,105,2022,6,8.13,72.44
1474,106,2022,6,13.6,68.24
1475,107,2022,6,8.29,64.28
1476,108,2022,6,9.59,82.88
1477,109,2022,6,13.27,66.32
1478,110,2022,6,9.01,80.48
1479,111,2022,6,9.29,79.64
1480,112,2022,6,8.25,82.64
1481,113,2022,6,14.25,77.72
1482,114,2022,6,15.01,67.16
1483,115,2022,6,9.94,80.0
1484,116,2022,6,14.28,74.72
1485,117,2022,6,14.52,82.88
1486,118,2022,6,14.82,65.84
1487,119,2022,6,14.35,77.36
1488,120,2022,6,14.31,65.6
1489,121,2022,6,11.57,81.32
1490,122,2022,6,11.75,85.52
1491,123,2022,6,7.91,80.24
1492,124,2022,6,10.58,76.88
1493,125,2022,6,14.07,98.72
1494,126,2022,6,6.55,47.0
1495,127,2022,6,12.96,60.32
1496,128,2022,6,15.23,69.56
1497,129,2022,6,11.74,79.28
1498,130,2022,6,12.81,74.72
1499,131,2022,6,11.46,91.76
1500,132,2022,6,14.03,71.84
1501,133,2022,6,13.79,79.28
1502,134,2022,6,9.81,60.2
1503,135,2022,6,14.17,79.52
1504,136,2022,6,9.51,72.32
1505,137,2022,6,10.66,87.32
1506,138,2022,6,14.27,88.16
1507,139,2022,6,9.07,85.16
1508,140,2022,6,6.68,55.04
1509,141,2022,6,8.23,53.96
1510,142,2022,6,11.96,85.88
1511,143,2022,6,14.53,81.32
1512,144,2022,6,11.47,79.28
1513,145,2022,6,10.87,79.4
1514,146,2022,6,11.17,81.2
1515,147,2022,6,10.0,79.4
1516,148,2022,6,13.28,82.16
1517,149,2022,6,13.62,100.88
1518,150,2022,6,9.23,60.56
1519,151,2022,6,13.25,71.6
1520,152,2022,6,13.45,67.64
1521,153,2022,6,14.51,60.56
1522,154,2022,6,9.63,81.08
1523,155,2022,6,14.27,75.92
1524,156,2022,6,13.73,72.08
1525,157,2022,6,13.92,72.92
1526,158,2022,6,7.86,53.48
1527,159,2022,6,14.42,81.08
1528,160,2022,6,8.88,65.96
1529,161,2022,6,15.39,65.84
1530,162,2022,6,8.64,82.4
1531,163,2022,6,13.21,79.04
1532,164,2022,6,15.41,63.2
1533,165,2022,6,13.91,75.32
1534,166,2022,6,12.15,81.44
1535,167,2022,6,8.75,79.88
1536,168,2022,6,10.47,77.12
1537,169,2022,6,14.97,65.0
1538,170,2022,6,14.5,82.52
1539,171,2022,6,15.39,62.84
1540,172,2022,6,15.4,85.16
1541,173,2022,6,9.01,53.6
1542,174,2022,6,5.95,52.52
1543,175,2022,6,14.51,69.56
1544,176,2022,6,14.39,79.04
1545,177,2022,6,9.66,74.96
1546,178,2022,6,10.11,83.84
1547,179,2022,6,15.55,70.52
1548,180,2022,6,12.21,86.48
1549,181,2022,6,15.25,62.48
1550,182,2022,6,15.47,63.92
1551,183,2022,6,14.15,77.36
1552,184,2022,6,14.53,84.08
1553,185,2022,6,5.9,54.44
1554,186,2022,6,14.21,61.52
1555,187,2022,6,15.63,73.64
1556,188,2022,6,15.63,63.2
1557,189,2022,6,9.99,82.76
1558,190,2022,6,14.01,87.8
1559,191,2022,6,15.43,69.2
1560,192,2022,6,13.81,75.8
1561,193,2022,6,15.53,64.52
1562,194,2022,6,14.6,81.44
1563,195,2022,6,15.28,70.64
1564,196,2022,6,15.39,67.64
1565,197,2022,6,14.33,75.8
1566,198,2022,6,15.09,70.4
1567,199,2022,6,9.42,66.08
1568,200,2022,6,13.01,97.52
1569,201,2022,6,15.39,62.84
1570,202,2022,6,15.59,72.44
1571,203,2022,6,9.02,81.2
1572,204,2022,6,15.71,71.96
1573,205,2022,6,14.86,67.52
1574,206,2022,6,15.43,64.4
1575,207,2022,6,15.05,63.8
1576,208,2022,6,15.13,69.32
1577,209,2022,6,14.99,65.96
1578,210,2022,6,15.57,68.72
1579,211,2022,6,10.34,43.76
1580,212,2022,6,13.67,96.32
1581,213,2022,6,12.69,69.44
1582,214,2022,6,13.76,81.44
1583,215,2022,6,14.59,62.12
1584,216,2022,6,9.72,80.84
1585,217,2022,6,12.18,90.44
1586,218,2022,6,16.33,63.44
1587,219,2022,6,14.83,61.28
1588,220,2022,6,15.01,61.04
1589,221,2022,6,13.69,100.76
1590,222,2022,6,14.33,67.04
1591,223,2022,6,14.11,80.6
1592,224,2022,6,15.63,70.52
1593,225,2022,6,14.72,73.04
1594,226,2022,6,13.89,81.2
1595,227,2022,6,15.45,51.32
1596,0,2022,7,9.22,71.96
1597,1,2022,7,11.6,73.52
1598,2,2022,7,7.58,73.88
1599,3,2022,7,10.58,62.96
1600,4,2022,7,12.58,64.28
1601,5,2022,7,7.59,59.48
1602,6,2022,7,7.57,56.72
1603,7,2022,7,9.97,76.04
1604,8,2022,7,6.31,48.92
1605,9,2022,7,12.19,69.44
1606,10,2022,7,11.71,76.76
1607,11,2022,7,9.58,68.48
1608,12,2022,7,7.13,54.68
1609,13,2022,7,10.89,82.28
1610,14,2022,7,13.01,91.52
1611,15,2022,7,12.27,68.84
1612,16,2022,7,9.69,82.04
1613,17,2022,7,13.69,80.48
1614,18,2022,7,9.27,79.4
1615,19,2022,7,10.53,68.96
1616,20,2022,7,8.62,54.56
1617,21,2022,7,10.37,66.68
1618,22,2022,7,8.41,51.56
1619,23,2022,7,7.49,58.64
1620,24,2022,7,7.67,36.2
1621,25,2022,7,10.47,89.84
1622,26,2022,7,8.43,75.92
1623,27,2022,7,6.56,70.16
1624,28,2022,7,10.91,76.16
1625,29,2022,7,9.49,84.08
1626,30,2022,7,7.74,77.0
1627,31,2022,7,7.85,60.44
1628,32,2022,7,11.43,66.2
1629,33,2022,7,11.73,84.92
1630,34,2022,7,9.11,58.4
1631,35,2022,7,14.11,75.8
1632,36,2022,7,10.17,70.04
1633,37,2022,7,8.23,81.44
1634,38,2022,7,8.37,83.0
1635,39,2022,7,11.23,70.52
1636,40,2022,7,5.87,55.64
1637,41,2022,7,10.14,82.28
1638,42,2022,7,11.63,73.64
1639,43,2022,7,10.38,81.8
1640,44,2022,7,8.32,80.6
1641,45,2022,7,13.2,69.8
1642,46,2022,7,13.23,60.08
1643,47,2022,7,7.73,77.12
1644,48,2022,7,5.59,48.68
1645,49,2022,7,11.31,75.68
1646,50,2022,7,11.06,76.16
1647,51,2022,7,10.27,82.28
1648,52,2022,7,7.3,52.16
1649,53,2022,7,8.39,56.0
1650,54,2022,7,9.85,61.52
1651,55,2022,7,6.35,54.8
1652,56,2022,7,11.04,69.08
1653,57,2022,7,9.75,57.44
1654,58,2022,7,7.6,59.6
1655,59,2022,7,7.43,52.88
1656,60,2022,7,12.41,66.08
1657,61,2022,7,10.48,63.44
1658,62,2022,7,5.88,51.56
1659,63,2022,7,7.48,56.84
1660,64,2022,7,11.55,69.56
1661,65,2022,7,12.35,73.4
1662,66,2022,7,10.43,85.28
1663,67,2022,7,10.08,59.72
1664,68,2022,7,11.79,78.44
1665,69,2022,7,13.02,67.88
1666,70,2022,7,5.42,51.32
1667,71,2022,7,11.51,80.6
1668,72,2022,7,10.97,66.92
1669,73,2022,7,10.15,86.96
1670,74,2022,7,9.79,84.44
1671,75,2022,7,11.05,69.2
1672,76,2022,7,9.59,85.16
1673,77,2022,7,11.75,74.24
1674,78,2022,7,8.85,69.56
1675,79,2022,7,5.11,74.72
1676,80,2022,7,9.85,85.28
1677,81,2022,7,14.3,68.72
1678,82,2022,7,9.9,81.56
1679,83,2022,7,11.96,90.2
1680,84,2022,7,9.05,83.84
1681,85,2022,7,10.09,51.92
1682,86,2022,7,8.31,75.56
1683,87,2022,7,8.15,59.72
1684,88,2022,7,11.37,83.6
1685,89,2022,7,6.26,46.16
1686,90,2022,7,8.26,68.24
1687,91,2022,7,8.49,81.92
1688,92,2022,7,11.37,86.6
1689,93,2022,7,11.52,70.88
1690,94,2022,7,10.76,80.6
1691,95,2022,7,10.12,54.2
1692,96,2022,7,12.47,75.8
1693,97,2022,7,7.19,79.64
1694,98,2022,7,11.07,79.64
1695,99,2022,7,10.53,80.0
1696,100,2022,7,7.86,82.88
1697,101,2022,7,7.13,76.88
1698,102,2022,7,13.57,80.6
1699,103,2022,7,8.61,81.08
1700,104,2022,7,7.66,62.36
1701,105,2022,7,7.0,68.72
1702,106,2022,7,9.37,68.72
1703,107,2022,7,7.52,61.4
1704,108,2022,7,9.29,81.44
1705,109,2022,7,11.97,69.56
1706,110,2022,7,8.86,79.28
1707,111,2022,7,9.97,81.2
1708,112,2022,7,7.43,82.28
1709,113,2022,7,11.85,75.56
1710,114,2022,7,11.81,70.16
1711,115,2022,7,10.29,80.6
1712,116,2022,7,10.83,70.28
1713,117,2022,7,12.11,82.52
1714,118,2022,7,12.31,72.2
1715,119,2022,7,11.69,80.72
1716,120,2022,7,13.78,70.88
1717,121,2022,7,11.55,81.08
1718,122,2022,7,8.24,82.76
1719,123,2022,7,8.56,80.24
1720,124,2022,7,10.65,77.36
1721,125,2022,7,11.57,92.0
1722,126,2022,7,9.39,53.24
1723,127,2022,7,11.99,62.96
1724,128,2022,7,12.65,74.12
1725,129,2022,7,11.37,82.64
1726,130,2022,7,12.18,71.48
1727,131,2022,7,11.6,84.92
1728,132,2022,7,12.89,70.64
1729,133,2022,7,10.63,76.28
1730,134,2022,7,9.03,60.08
1731,135,2022,7,13.55,79.52
1732,136,2022,7,9.74,71.12
1733,137,2022,7,9.13,83.84
1734,138,2022,7,13.67,80.72
1735,139,2022,7,9.35,85.16
1736,140,2022,7,7.61,56.96
1737,141,2022,7,9.01,56.6
1738,142,2022,7,10.94,84.2
1739,143,2022,7,10.98,80.0
1740,144,2022,7,11.8,74.96
1741,145,2022,7,11.12,83.12
1742,146,2022,7,11.12,83.84
1743,147,2022,7,10.84,80.84
1744,148,2022,7,12.09,77.6
1745,149,2022,7,12.14,91.88
1746,150,2022,7,11.64,61.64
1747,151,2022,7,12.15,68.72
1748,152,2022,7,12.49,73.4
1749,153,2022,7,13.35,69.08
1750,154,2022,7,9.73,81.08
1751,155,2022,7,12.86,74.96
1752,156,2022,7,10.95,70.16
1753,157,2022,7,11.62,69.44
1754,158,2022,7,7.4,53.6
1755,159,2022,7,10.28,76.04
1756,160,2022,7,7.98,65.12
1757,161,2022,7,11.99,65.72
1758,162,2022,7,8.62,80.72
1759,163,2022,7,10.09,74.84
1760,164,2022,7,14.63,69.56
1761,165,2022,7,11.91,72.92
1762,166,2022,7,11.17,90.2
1763,167,2022,7,8.57,77.48
1764,168,2022,7,10.18,80.96
1765,169,2022,7,12.5,70.4
1766,170,2022,7,10.59,80.6
1767,171,2022,7,12.09,69.32
1768,172,2022,7,10.83,77.0
1769,173,2022,7,9.41,54.2
1770,174,2022,7,10.0,53.24
1771,175,2022,7,11.77,74.12
1772,176,2022,7,12.53,77.6
1773,177,2022,7,9.53,74.6
1774,178,2022,7,9.02,83.12
1775,179,2022,7,12.73,72.68
1776,180,2022,7,12.25,90.32
1777,181,2022,7,10.79,62.48
1778,182,2022,7,13.94,71.24
1779,183,2022,7,10.91,74.48
1780,184,2022,7,10.75,83.0
1781,185,2022,7,5.77,54.68
1782,186,2022,7,13.45,69.68
1783,187,2022,7,12.99,71.72
1784,188,2022,7,13.98,68.84
1785,189,2022,7,9.91,80.72
1786,190,2022,7,11.31,80.6
1787,191,2022,7,11.35,67.88
1788,192,2022,7,11.85,71.12
1789,193,2022,7,12.03,68.84
1790,194,2022,7,10.99,79.16
1791,195,2022,7,11.27,74.24
1792,196,2022,7,12.2,70.76
1793,197,2022,7,11.48,71.12
1794,198,2022,7,11.71,74.36
1795,199,2022,7,8.11,65.48
1796,200,2022,7,12.99,97.88
1797,201,2022,7,14.71,68.12
1798,202,2022,7,11.11,75.08
1799,203,2022,7,9.52,79.88
1800,204,2022,7,10.77,72.92
1801,205,2022,7,11.83,72.8
1802,206,2022,7,13.77,68.12
1803,207,2022,7,12.28,67.64
1804,208,2022,7,12.5,72.08
1805,209,2022,7,12.47,66.8
1806,210,2022,7,12.77,71.84
1807,211,2022,7,11.33,44.24
1808,212,2022,7,12.85,98.0
1809,213,2022,7,10.71,67.28
1810,214,2022,7,11.71,82.16
1811,215,2022,7,11.79,60.44
1812,216,2022,7,7.93,81.44
1813,217,2022,7,12.73,92.0
1814,218,2022,7,14.55,65.12
1815,219,2022,7,11.75,60.44
1816,220,2022,7,11.2,61.16
1817,221,2022,7,13.11,101.36
1818,222,2022,7,11.17,64.64
1819,223,2022,7,12.77,80.48
1820,224,2022,7,10.85,67.28
1821,225,2022,7,11.01,69.8
1822,226,2022,7,11.49,83.36
1823,227,2022,7,14.13,49.88
1824,0,2022,8,10.83,70.04
1825,1,2022,8,10.98,72.44
1826,2,2022,8,8.61,75.32
1827,3,2022,8,9.74,54.32
1828,4,2022,8,9.46,56.48
1829,5,2022,8,9.14,64.64
1830,6,2022,8,9.82,63.44
1831,7,2022,8,10.47,64.28
1832,8,2022,8,8.47,51.08
1833,9,2022,8,10.33,53.6
1834,10,2022,8,9.88,69.56
1835,11,2022,8,10.25,63.08
1836,12,2022,8,9.33,59.0
1837,13,2022,8,10.42,82.64
1838,14,2022,8,11.65,89.72
1839,15,2022,8,10.05,61.4
1840,16,2022,8,8.72,83.6
1841,17,2022,8,11.09,75.44
1842,18,2022,8,10.21,76.88
1843,19,2022,8,10.91,74.36
1844,20,2022,8,9.93,57.92
1845,21,2022,8,10.6,74.12
1846,22,2022,8,10.38,56.36
1847,23,2022,8,8.77,63.32
1848,24,2022,8,10.13,41.0
1849,25,2022,8,10.67,77.6
1850,26,2022,8,8.99,77.36
1851,27,2022,8,8.76,71.0
1852,28,2022,8,9.77,66.32
1853,29,2022,8,8.93,84.44
1854,30,2022,8,7.33,79.16
1855,31,2022,8,9.29,65.6
1856,32,2022,8,8.75,59.24
1857,33,2022,8,11.32,77.0
1858,34,2022,8,9.37,52.76
1859,35,2022,8,10.71,59.24
1860,36,2022,8,9.85,66.32
1861,37,2022,8,10.51,80.24
1862,38,2022,8,8.15,82.64
1863,39,2022,8,10.48,67.4
1864,40,2022,8,7.72,56.24
1865,41,2022,8,9.98,85.52
1866,42,2022,8,10.14,63.2
1867,43,2022,8,9.03,82.64
1868,44,2022,8,8.01,79.04
1869,45,2022,8,9.06,60.92
1870,46,2022,8,8.69,56.36
1871,47,2022,8,9.76,79.88
1872,48,2022,8,8.05,50.36
1873,49,2022,8,10.05,71.48
1874,50,2022,8,11.03,75.2
1875,51,2022,8,10.1,83.48
1876,52,2022,8,8.63,55.88
1877,53,2022,8,10.34,58.16
1878,54,2022,8,9.38,51.32
1879,55,2022,8,9.36,57.32
1880,56,2022,8,11.37,75.68
1881,57,2022,8,10.51,49.76
1882,58,2022,8,9.63,65.12
1883,59,2022,8,8.9,57.44
1884,60,2022,8,9.57,49.52
1885,61,2022,8,8.39,57.68
1886,62,2022,8,8.21,53.36
1887,63,2022,8,8.91,59.0
1888,64,2022,8,9.93,58.76
1889,65,2022,8,11.17,68.72
1890,66,2022,8,8.09,83.96
1891,67,2022,8,9.58,55.16
1892,68,2022,8,11.6,75.56
1893,69,2022,8,9.36,57.2
1894,70,2022,8,8.32,53.6
1895,71,2022,8,10.59,72.2
1896,72,2022,8,9.31,58.76
1897,73,2022,8,11.55,84.08
1898,74,2022,8,9.51,83.6
1899,75,2022,8,11.25,69.8
1900,76,2022,8,8.01,83.72
1901,77,2022,8,10.28,66.8
1902,78,2022,8,10.64,66.59
1903,79,2022,8,7.33,76.28
1904,80,2022,8,10.76,84.32
1905,81,2022,8,8.2,50.48
1906,82,2022,8,9.97,82.4
1907,83,2022,8,10.71,86.6
1908,84,2022,8,9.21,83.96
1909,85,2022,8,10.26,40.88
1910,86,2022,8,7.97,76.16
1911,87,2022,8,9.45,65.84
1912,88,2022,8,10.52,79.64
1913,89,2022,8,8.03,49.04
1914,90,2022,8,10.19,72.92
1915,91,2022,8,8.17,82.04
1916,92,2022,8,8.92,85.88
1917,93,2022,8,9.33,71.12
1918,94,2022,8,9.06,75.68
1919,95,2022,8,10.24,58.16
1920,96,2022,8,9.63,60.32
1921,97,2022,8,7.37,79.28
1922,98,2022,8,10.21,71.48
1923,99,2022,8,10.99,67.52
1924,100,2022,8,8.21,82.28
1925,101,2022,8,6.81,76.52
1926,102,2022,8,10.45,72.92
1927,103,2022,8,8.33,80.12
1928,104,2022,8,9.65,65.36
1929,105,2022,8,8.99,70.16
1930,106,2022,8,10.07,59.84
1931,107,2022,8,8.53,61.04
1932,108,2022,8,9.35,80.0
1933,109,2022,8,7.56,54.44
1934,110,2022,8,9.07,78.2
1935,111,2022,8,7.8,80.12
1936,112,2022,8,7.67,80.48
1937,113,2022,8,9.07,62.6
1938,114,2022,8,8.8,54.8
1939,115,2022,8,9.29,80.0
1940,116,2022,8,10.06,70.44
1941,117,2022,8,9.91,77.0
1942,118,2022,8,7.65,54.2
1943,119,2022,8,10.93,75.8
1944,120,2022,8,9.33,52.16
1945,121,2022,8,9.15,80.0
1946,122,2022,8,9.69,83.84
1947,123,2022,8,7.64,79.88
1948,124,2022,8,10.38,71.84
1949,125,2022,8,10.89,84.2
1950,126,2022,8,10.21,52.76
1951,127,2022,8,10.45,62.0
1952,128,2022,8,8.99,58.16
1953,129,2022,8,7.72,76.4
1954,130,2022,8,9.74,69.68
1955,131,2022,8,11.35,77.0
1956,132,2022,8,8.59,57.33
1957,133,2022,8,10.6,70.76
1958,134,2022,8,8.32,59.6
1959,135,2022,8,11.27,74.36
1960,136,2022,8,9.18,68.84
1961,137,2022,8,10.54,82.4
1962,138,2022,8,10.77,77.48
1963,139,2022,8,7.56,83.6
1964,140,2022,8,8.81,59.84
1965,141,2022,8,10.82,67.04
1966,142,2022,8,9.72,79.16
1967,143,2022,8,10.19,73.76
1968,144,2022,8,9.8,72.2
1969,145,2022,8,10.11,78.44
1970,146,2022,8,10.87,76.88
1971,147,2022,8,8.4,79.88
1972,148,2022,8,12.45,74.6
1973,149,2022,8,10.41,87.44
1974,150,2022,8,11.8,61.16
1975,151,2022,8,9.59,61.28
1976,152,2022,8,9.11,55.88
1977,153,2022,8,8.02,50.96
1978,154,2022,8,8.61,80.96
1979,155,2022,8,9.77,62.24
1980,156,2022,8,9.45,66.56
1981,157,2022,8,9.33,57.56
1982,158,2022,8,7.36,53.48
1983,159,2022,8,10.17,66.8
1984,160,2022,8,7.66,64.04
1985,161,2022,8,8.74,57.68
1986,162,2022,8,10.28,80.0
1987,163,2022,8,11.03,71.12
1988,164,2022,8,8.17,51.56
1989,165,2022,8,9.97,61.04
1990,166,2022,8,10.01,72.44
1991,167,2022,8,8.99,77.72
1992,168,2022,8,9.95,75.68
1993,169,2022,8,8.81,56.72
1994,170,2022,8,10.27,74.6
1995,171,2022,8,10.47,61.52
1996,172,2022,8,10.16,66.92
1997,173,2022,8,11.63,55.76
1998,174,2022,8,9.55,55.64
1999,175,2022,8,10.11,66.8
2000,176,2022,8,10.49,71.24
2001,177,2022,8,9.25,72.8
2002,178,2022,8,7.63,82.04
2003,179,2022,8,8.55,58.64
2004,180,2022,8,10.15,74.72
2005,181,2022,8,8.63,57.08
2006,182,2022,8,8.17,53.12
2007,183,2022,8,10.19,62.72
2008,184,2022,8,9.95,78.08
2009,185,2022,8,8.04,55.16
2010,186,2022,8,7.55,51.44
2011,187,2022,8,9.29,60.92
2012,188,2022,8,8.39,52.76
2013,189,2022,8,8.7,80.72
2014,190,2022,8,10.61,72.2
2015,191,2022,8,8.57,54.56
2016,192,2022,8,9.59,64.88
2017,193,2022,8,10.12,55.04
2018,194,2022,8,11.1,72.2
2019,195,2022,8,9.01,58.28
2020,196,2022,8,8.75,59.0
2021,197,2022,8,10.07,60.44
2022,198,2022,8,8.46,59.48
2023,199,2022,8,7.15,65.24
2024,200,2022,8,11.6,93.44
2025,201,2022,8,8.89,51.92
2026,202,2022,8,8.4,58.28
2027,203,2022,8,9.79,78.44
2028,204,2022,8,9.65,56.84
2029,205,2022,8,9.07,57.8
2030,206,2022,8,9.69,58.16
2031,207,2022,8,9.8,55.16
2032,208,2022,8,8.36,56.6
2033,209,2022,8,9.06,56.48
2034,210,2022,8,8.41,59.84
2035,211,2022,8,8.85,47.36
2036,212,2022,8,11.6,93.08
2037,213,2022,8,9.06,60.2
2038,214,2022,8,11.09,80.24
2039,215,2022,8,9.79,54.68
2040,216,2022,8,9.23,81.68
2041,217,2022,8,12.56,90.56
2042,218,2022,8,9.47,52.4
2043,219,2022,8,9.39,53.24
2044,220,2022,8,9.24,55.64
2045,221,2022,8,11.77,95.24
2046,222,2022,8,8.68,52.76
2047,223,2022,8,11.33,79.28
2048,224,2022,8,9.87,56.0
2049,225,2022,8,10.09,58.04
2050,226,2022,8,10.6,80.0
2051,227,2022,8,8.76,49.64
2052,0,2022,9,10.39,53.6
2053,1,2022,9,10.63,68.96
2054,2,2022,9,9.33,75.2
2055,3,2022,9,10.19,44.72
2056,4,2022,9,7.43,52.28
2057,5,2022,9,7.93,67.16
2058,6,2022,9,8.18,65.36
2059,7,2022,9,10.41,59.96
2060,8,2022,9,8.67,55.88
2061,9,2022,9,9.87,47.12
2062,10,2022,9,9.98,65.24
2063,11,2022,9,10.34,50.24
2064,12,2022,9,8.77,62.0
2065,13,2022,9,6.63,82.16
2066,14,2022,9,8.75,86.0
2067,15,2022,9,7.43,59.12
2068,16,2022,9,8.47,82.16
2069,17,2022,9,10.38,70.4
2070,18,2022,9,9.98,66.32
2071,19,2022,9,11.11,77.48
2072,20,2022,9,11.25,65.12
2073,21,2022,9,11.31,76.88
2074,22,2022,9,11.08,66.8
2075,23,2022,9,7.32,65.84
2076,24,2022,9,9.56,45.56
2077,25,2022,9,10.81,75.08
2078,26,2022,9,9.82,77.96
2079,27,2022,9,12.48,72.2
2080,28,2022,9,10.17,64.88
2081,29,2022,9,6.95,82.88
2082,30,2022,9,10.25,79.16
2083,31,2022,9,7.58,67.76
2084,32,2022,9,8.22,46.76
2085,33,2022,9,10.41,74.36
2086,34,2022,9,9.97,42.44
2087,35,2022,9,10.02,53.84
2088,36,2022,9,8.53,51.44
2089,37,2022,9,10.82,68.0
2090,38,2022,9,5.79,82.28
2091,39,2022,9,9.71,66.8
2092,40,2022,9,11.28,56.6
2093,41,2022,9,9.61,78.68
2094,42,2022,9,8.41,62.96
2095,43,2022,9,9.05,82.04
2096,44,2022,9,8.4,77.24
2097,45,2022,9,7.51,58.04
2098,46,2022,9,7.39,50.72
2099,47,2022,9,11.25,77.0
2100,48,2022,9,8.46,55.76
2101,49,2022,9,8.43,62.0
2102,50,2022,9,5.9,75.2
2103,51,2022,9,7.23,82.52
2104,52,2022,9,8.79,59.0
2105,53,2022,9,11.13,63.44
2106,54,2022,9,8.91,52.88
2107,55,2022,9,11.35,57.92
2108,56,2022,9,11.73,78.8
2109,57,2022,9,8.36,47.0
2110,58,2022,9,7.8,67.04
2111,59,2022,9,8.71,61.28
2112,60,2022,9,9.05,42.56
2113,61,2022,9,8.62,44.73
2114,62,2022,9,9.07,56.48
2115,63,2022,9,12.04,60.8
2116,64,2022,9,7.99,55.16
2117,65,2022,9,9.31,67.28
2118,66,2022,9,7.87,78.44
2119,67,2022,9,10.59,44.84
2120,68,2022,9,10.15,67.16
2121,69,2022,9,8.02,53.0
2122,70,2022,9,8.81,58.16
2123,71,2022,9,11.23,60.68
2124,72,2022,9,7.41,56.36
2125,73,2022,9,10.42,73.28
2126,74,2022,9,9.7,77.48
2127,75,2022,9,12.76,71.0
2128,76,2022,9,8.34,79.28
2129,77,2022,9,11.11,64.16
2130,78,2022,9,10.63,52.64
2131,79,2022,9,9.73,75.56
2132,80,2022,9,10.83,74.6
2133,81,2022,9,6.36,45.68
2134,82,2022,9,8.13,81.08
2135,83,2022,9,8.69,76.28
2136,84,2022,9,7.12,80.96
2137,85,2022,9,8.71,41.0
2138,86,2022,9,9.86,76.88
2139,87,2022,9,7.63,67.4
2140,88,2022,9,10.69,73.76
2141,89,2022,9,9.07,52.88
2142,90,2022,9,10.73,75.8
2143,91,2022,9,7.08,79.4
2144,92,2022,9,7.97,78.08
2145,93,2022,9,8.84,66.44
2146,94,2022,9,10.39,70.88
2147,95,2022,9,10.3,60.92
2148,96,2022,9,9.37,57.56
2149,97,2022,9,9.15,81.2
2150,98,2022,9,9.08,62.48
2151,99,2022,9,10.45,57.8
2152,100,2022,9,7.53,80.48
2153,101,2022,9,7.69,75.56
2154,102,2022,9,8.57,65.0
2155,103,2022,9,7.93,80.72
2156,104,2022,9,10.25,70.04
2157,105,2022,9,10.26,75.2
2158,106,2022,9,10.14,52.52
2159,107,2022,9,8.47,60.56
2160,108,2022,9,10.12,72.56
2161,109,2022,9,7.87,52.52
2162,110,2022,9,8.79,78.32
2163,111,2022,9,7.77,77.84
2164,112,2022,9,8.28,80.84
2165,113,2022,9,8.77,58.76
2166,114,2022,9,9.21,52.52
2167,115,2022,9,8.83,76.76
2168,116,2022,9,8.51,64.64
2169,117,2022,9,10.03,71.0
2170,118,2022,9,8.61,48.56
2171,119,2022,9,10.44,71.6
2172,120,2022,9,6.41,44.24
2173,121,2022,9,8.43,75.92
2174,122,2022,9,9.23,76.28
2175,123,2022,9,7.24,78.08
2176,124,2022,9,8.21,55.76
2177,125,2022,9,10.38,76.4
2178,126,2022,9,11.61,62.12
2179,127,2022,9,11.02,60.32
2180,128,2022,9,8.09,55.04
2181,129,2022,9,8.59,65.84
2182,130,2022,9,9.75,53.36
2183,131,2022,9,10.19,74.36
2184,132,2022,9,9.16,56.36
2185,133,2022,9,10.24,57.92
2186,134,2022,9,6.65,58.76
2187,135,2022,9,10.47,70.16
2188,136,2022,9,7.01,63.44
2189,137,2022,9,10.34,74.6
2190,138,2022,9,10.59,73.16
2191,139,2022,9,7.84,78.92
2192,140,2022,9,8.82,62.96
2193,141,2022,9,12.28,72.44
2194,142,2022,9,6.55,72.56
2195,143,2022,9,10.67,68.84
2196,144,2022,9,9.9,69.56
2197,145,2022,9,7.8,64.88
2198,146,2022,9,10.33,66.08
2199,147,2022,9,7.66,76.88
2200,148,2022,9,8.71,59.12
2201,149,2022,9,8.93,77.84
2202,150,2022,9,12.62,62.84
2203,151,2022,9,8.63,50.48
2204,152,2022,9,6.67,53.72
2205,153,2022,9,7.84,46.64
2206,154,2022,9,7.54,80.6
2207,155,2022,9,8.33,61.64
2208,156,2022,9,8.75,51.2
2209,157,2022,9,9.77,56.12
2210,158,2022,9,9.57,54.44
2211,159,2022,9,9.85,63.92
2212,160,2022,9,7.84,63.8
2213,161,2022,9,7.9,53.48
2214,162,2022,9,10.53,69.92
2215,163,2022,9,10.39,55.64
2216,164,2022,9,7.65,47.72
2217,165,2022,9,10.39,58.88
2218,166,2022,9,10.99,61.04
2219,167,2022,9,9.05,79.76
2220,168,2022,9,8.22,62.24
2221,169,2022,9,8.71,53.0
2222,170,2022,9,10.69,68.84
2223,171,2022,9,10.0,56.84
2224,172,2022,9,9.65,64.04
2225,173,2022,9,11.65,55.16
2226,174,2022,9,10.79,58.16
2227,175,2022,9,10.33,62.48
2228,176,2022,9,10.53,68.0
2229,177,2022,9,7.17,67.16
2230,178,2022,9,8.47,80.12
2231,179,2022,9,8.09,56.72
2232,180,2022,9,9.07,64.64
2233,181,2022,9,8.24,53.84
2234,182,2022,9,7.83,49.52
2235,183,2022,9,9.56,62.96
2236,184,2022,9,10.41,71.96
2237,185,2022,9,9.04,56.84
2238,186,2022,9,7.5,48.08
2239,187,2022,9,7.57,56.6
2240,188,2022,9,6.38,47.84
2241,189,2022,9,8.57,81.56
2242,190,2022,9,11.24,60.68
2243,191,2022,9,9.1,55.88
2244,192,2022,9,8.82,55.16
2245,193,2022,9,9.03,47.72
2246,194,2022,9,10.14,68.84
2247,195,2022,9,7.71,55.76
2248,196,2022,9,8.23,54.68
2249,197,2022,9,10.17,59.6
2250,198,2022,9,7.99,56.6
2251,199,2022,9,7.95,64.52
2252,200,2022,9,9.3,85.64
2253,201,2022,9,7.8,47.24
2254,202,2022,9,8.4,56.12
2255,203,2022,9,8.06,74.72
2256,204,2022,9,8.82,58.04
2257,205,2022,9,8.13,54.08
2258,206,2022,9,8.35,54.08
2259,207,2022,9,9.58,47.72
2260,208,2022,9,8.43,54.92
2261,209,2022,9,7.3,52.76
2262,210,2022,9,7.6,55.64
2263,211,2022,9,9.68,47.84
2264,212,2022,9,11.62,86.24
2265,213,2022,9,8.41,47.48
2266,214,2022,9,10.82,75.2
2267,215,2022,9,7.07,50.36
2268,216,2022,9,10.5,82.52
2269,217,2022,9,9.16,85.28
2270,218,2022,9,7.89,43.76
2271,219,2022,9,6.89,48.92
2272,220,2022,9,7.23,50.84
2273,221,2022,9,11.41,86.12
2274,222,2022,9,8.58,54.32
2275,223,2022,9,9.37,73.64
2276,224,2022,9,9.41,56.12
2277,225,2022,9,9.83,57.92
2278,226,2022,9,10.13,73.64
2279,227,2022,9,6.84,38.84
2280,0,2022,10,6.93,38.12
2281,1,2022,10,7.73,59.96
2282,2,2022,10,9.93,74.72
2283,3,2022,10,7.94,16.88
2284,4,2022,10,5.11,49.28
2285,5,2022,10,13.16,70.04
2286,6,2022,10,13.31,71.24
2287,7,2022,10,7.76,41.48
2288,8,2022,10,9.06,57.44
2289,9,2022,10,6.42,14.36
2290,10,2022,10,6.05,59.0
2291,11,2022,10,8.27,29.72
2292,12,2022,10,13.25,64.52
2293,13,2022,10,6.64,80.96
2294,14,2022,10,8.85,82.28
2295,15,2022,10,6.31,53.6
2296,16,2022,10,8.57,80.72
2297,17,2022,10,9.37,63.44
2298,18,2022,10,6.72,58.52
2299,19,2022,10,12.7,79.16
2300,20,2022,10,12.93,64.16
2301,21,2022,10,11.88,80.12
2302,22,2022,10,13.05,64.88
2303,23,2022,10,13.53,68.96
2304,24,2022,10,10.16,54.8
2305,25,2022,10,7.82,52.64
2306,26,2022,10,10.25,80.84
2307,27,2022,10,12.47,74.72
2308,28,2022,10,6.3,52.52
2309,29,2022,10,6.55,82.16
2310,30,2022,10,11.45,80.48
2311,31,2022,10,13.23,71.24
2312,32,2022,10,5.72,32.84
2313,33,2022,10,10.31,65.24
2314,34,2022,10,7.93,17.36
2315,35,2022,10,7.63,21.2
2316,36,2022,10,5.69,37.52
2317,37,2022,10,7.85,57.32
2318,38,2022,10,5.88,83.48
2319,39,2022,10,5.74,56.24
2320,40,2022,10,11.89,59.12
2321,41,2022,10,8.84,71.96
2322,42,2022,10,5.76,50.0
2323,43,2022,10,7.29,80.48
2324,44,2022,10,8.91,76.04
2325,45,2022,10,5.47,51.44
2326,46,2022,10,5.99,46.88
2327,47,2022,10,8.85,72.32
2328,48,2022,10,10.14,58.52
2329,49,2022,10,8.37,42.8
2330,50,2022,10,6.64,74.72
2331,51,2022,10,7.43,82.04
2332,52,2022,10,12.2,61.16
2333,53,2022,10,13.09,63.56
2334,54,2022,10,6.25,39.32
2335,55,2022,10,11.49,59.72
2336,56,2022,10,12.53,80.24
2337,57,2022,10,7.38,32.72
2338,58,2022,10,12.91,71.0
2339,59,2022,10,12.95,63.8
2340,60,2022,10,7.47,16.52
2341,61,2022,10,5.54,30.56
2342,62,2022,10,9.98,59.0
2343,63,2022,10,12.27,64.52
2344,64,2022,10,5.59,49.76
2345,65,2022,10,5.64,57.56
2346,66,2022,10,8.78,71.48
2347,67,2022,10,7.61,17.48
2348,68,2022,10,8.2,64.04
2349,69,2022,10,5.23,46.64
2350,70,2022,10,9.59,61.16
2351,71,2022,10,8.36,36.08
2352,72,2022,10,4.99,51.92
2353,73,2022,10,7.25,50.84
2354,74,2022,10,5.31,62.12
2355,75,2022,10,13.02,72.44
2356,76,2022,10,6.47,77.24
2357,77,2022,10,8.11,49.64
2358,78,2022,10,6.93,40.52
2359,79,2022,10,9.73,78.08
2360,80,2022,10,6.07,53.48
2361,81,2022,10,3.92,35.36
2362,82,2022,10,5.8,79.88
2363,83,2022,10,8.06,56.96
2364,84,2022,10,5.53,79.64
2365,85,2022,10,6.43,27.32
2366,86,2022,10,10.11,77.24
2367,87,2022,10,12.87,71.6
2368,88,2022,10,7.39,67.04
2369,89,2022,10,10.09,54.08
2370,90,2022,10,12.44,78.56
2371,91,2022,10,7.02,83.24
2372,92,2022,10,8.49,71.48
2373,93,2022,10,5.41,62.6
2374,94,2022,10,8.03,62.12
2375,95,2022,10,12.84,72.8
2376,96,2022,10,6.54,46.64
2377,97,2022,10,10.76,79.52
2378,98,2022,10,7.58,59.48
2379,99,2022,10,6.63,50.0
2380,100,2022,10,7.56,80.96
2381,101,2022,10,7.95,76.52
2382,102,2022,10,6.06,53.12
2383,103,2022,10,8.41,80.72
2384,104,2022,10,11.39,70.52
2385,105,2022,10,11.95,75.32
2386,106,2022,10,7.18,47.36
2387,107,2022,10,8.4,61.64
2388,108,2022,10,5.76,76.52
2389,109,2022,10,6.35,38.72
2390,110,2022,10,7.96,77.36
2391,111,2022,10,8.29,79.28
2392,112,2022,10,8.15,80.24
2393,113,2022,10,6.09,50.48
2394,114,2022,10,5.73,40.88
2395,115,2022,10,6.8,80.84
2396,116,2022,10,5.31,59.12
2397,117,2022,10,7.57,63.32
2398,118,2022,10,5.83,37.64
2399,119,2022,10,7.83,58.76
2400,120,2022,10,3.85,33.32
2401,121,2022,10,6.98,76.4
2402,122,2022,10,7.79,74.12
2403,123,2022,10,7.13,78.68
2404,124,2022,10,7.04,52.4
2405,125,2022,10,7.94,50.96
2406,126,2022,10,11.21,67.52
2407,127,2022,10,8.55,52.64
2408,128,2022,10,7.37,42.2
2409,129,2022,10,6.86,57.8
2410,130,2022,10,7.01,38.24
2411,131,2022,10,10.31,65.24
2412,132,2022,10,6.17,43.28
2413,133,2022,10,7.77,45.68
2414,134,2022,10,7.19,58.52
2415,135,2022,10,9.57,63.68
2416,136,2022,10,8.27,56.6
2417,137,2022,10,6.74,56.0
2418,138,2022,10,8.64,62.96
2419,139,2022,10,5.63,77.12
2420,140,2022,10,13.2,64.76
2421,141,2022,10,11.93,68.6
2422,142,2022,10,6.1,74.12
2423,143,2022,10,6.67,60.32
2424,144,2022,10,6.73,64.16
2425,145,2022,10,7.83,58.16
2426,146,2022,10,7.93,62.0
2427,147,2022,10,9.11,78.8
2428,148,2022,10,7.75,48.08
2429,149,2022,10,8.06,58.16
2430,150,2022,10,12.8,65.6
2431,151,2022,10,5.15,35.72
2432,152,2022,10,5.99,39.8
2433,153,2022,10,5.07,34.16
2434,154,2022,10,6.91,79.88
2435,155,2022,10,6.47,51.2
2436,156,2022,10,5.82,37.76
2437,157,2022,10,5.3,44.6
2438,158,2022,10,9.66,53.48
2439,159,2022,10,5.7,52.28
2440,160,2022,10,8.65,64.28
2441,161,2022,10,5.53,49.88
2442,162,2022,10,7.67,57.56
2443,163,2022,10,8.17,44.6
2444,164,2022,10,4.7,38.0
2445,165,2022,10,6.11,46.4
2446,166,2022,10,6.65,52.52
2447,167,2022,10,8.1,79.28
2448,168,2022,10,7.25,55.76
2449,169,2022,10,5.8,42.8
2450,170,2022,10,6.11,60.8
2451,171,2022,10,7.29,38.12
2452,172,2022,10,6.42,50.72
2453,173,2022,10,12.03,56.48
2454,174,2022,10,12.52,70.28
2455,175,2022,10,6.98,41.0
2456,176,2022,10,6.5,60.2
2457,177,2022,10,7.93,61.4
2458,178,2022,10,8.81,78.56
2459,179,2022,10,7.09,48.92
2460,180,2022,10,5.86,63.2
2461,181,2022,10,6.39,50.0
2462,182,2022,10,4.73,38.24
2463,183,2022,10,5.91,50.36
2464,184,2022,10,7.36,63.44
2465,185,2022,10,8.91,62.6
2466,186,2022,10,5.86,36.08
2467,187,2022,10,5.27,50.36
2468,188,2022,10,5.04,41.24
2469,189,2022,10,9.46,81.44
2470,190,2022,10,8.6,36.08
2471,191,2022,10,6.24,43.88
2472,192,2022,10,7.58,43.28
2473,193,2022,10,7.43,18.08
2474,194,2022,10,7.55,59.0
2475,195,2022,10,6.84,48.8
2476,196,2022,10,5.51,47.12
2477,197,2022,10,6.35,50.36
2478,198,2022,10,6.28,49.28
2479,199,2022,10,7.5,64.04
2480,200,2022,10,8.6,81.2
2481,201,2022,10,4.81,38.0
2482,202,2022,10,5.73,46.64
2483,203,2022,10,8.4,80.12
2484,204,2022,10,4.93,46.4
2485,205,2022,10,6.07,44.24
2486,206,2022,10,5.55,46.4
2487,207,2022,10,6.51,18.2
2488,208,2022,10,6.8,42.56
2489,209,2022,10,5.02,49.16
2490,210,2022,10,5.95,48.32
2491,211,2022,10,12.11,48.8
2492,212,2022,10,10.84,80.48
2493,213,2022,10,6.01,33.2
2494,214,2022,10,7.65,70.04
2495,215,2022,10,4.73,47.36
2496,216,2022,10,11.23,82.04
2497,217,2022,10,8.85,81.2
2498,218,2022,10,4.63,38.24
2499,219,2022,10,4.62,46.64
2500,220,2022,10,5.13,48.44
2501,221,2022,10,8.13,75.56
2502,222,2022,10,5.81,42.16
2503,223,2022,10,7.01,66.92
2504,224,2022,10,5.83,43.52
2505,225,2022,10,6.05,46.16
2506,226,2022,10,6.75,68.24
2507,227,2022,10,2.67,41.48
2508,0,2022,11,6.13,36.8
2509,1,2022,11,7.92,55.16
2510,2,2022,11,9.79,76.28
2511,3,2022,11,5.12,12.8
2512,4,2022,11,5.31,36.8
2513,5,2022,11,12.45,69.68
2514,6,2022,11,12.66,71.84
2515,7,2022,11,7.89,38.0
2516,8,2022,11,10.82,63.56
2517,9,2022,11,4.81,3.2
2518,10,2022,11,6.0,54.2
2519,11,2022,11,7.34,18.08
2520,12,2022,11,12.28,65.0
2521,13,2022,11,7.41,78.44
2522,14,2022,11,8.7,75.32
2523,15,2022,11,4.72,42.56
2524,16,2022,11,7.33,77.6
2525,17,2022,11,8.27,59.6
2526,18,2022,11,6.61,54.2
2527,19,2022,11,10.73,80.36
2528,20,2022,11,12.99,70.76
2529,21,2022,11,10.82,79.88
2530,22,2022,11,13.04,71.12
2531,23,2022,11,11.53,68.48
2532,24,2022,11,13.59,56.96
2533,25,2022,11,7.81,47.48
2534,26,2022,11,8.41,81.8
2535,27,2022,11,11.85,77.96
2536,28,2022,11,5.46,41.84
2537,29,2022,11,7.57,80.0
2538,30,2022,11,8.67,80.84
2539,31,2022,11,12.53,71.24
2540,32,2022,11,5.47,25.88
2541,33,2022,11,9.39,60.92
2542,34,2022,11,5.69,12.32
2543,35,2022,11,6.01,9.44
2544,36,2022,11,5.28,32.84
2545,37,2022,11,7.16,57.56
2546,38,2022,11,5.92,82.28
2547,39,2022,11,6.22,51.68
2548,40,2022,11,13.76,66.56
2549,41,2022,11,8.79,64.52
2550,42,2022,11,6.53,40.52
2551,43,2022,11,7.05,78.32
2552,44,2022,11,8.73,74.96
2553,45,2022,11,5.13,40.4
2554,46,2022,11,2.65,36.56
2555,47,2022,11,8.79,67.52
2556,48,2022,11,13.37,65.96
2557,49,2022,11,7.37,37.04
2558,50,2022,11,7.79,72.2
2559,51,2022,11,8.87,80.48
2560,52,2022,11,13.03,60.8
2561,53,2022,11,11.99,68.48
2562,54,2022,11,5.74,30.08
2563,55,2022,11,13.21,62.96
2564,56,2022,11,10.57,81.08
2565,57,2022,11,6.09,22.76
2566,58,2022,11,11.91,70.76
2567,59,2022,11,12.58,64.64
2568,60,2022,11,5.3,-1.24
2569,61,2022,11,5.58,24.32
2570,62,2022,11,12.29,61.76
2571,63,2022,11,13.84,74.48
2572,64,2022,11,5.02,38.24
2573,65,2022,11,6.05,48.92
2574,66,2022,11,8.83,64.28
2575,67,2022,11,6.41,11.6
2576,68,2022,11,7.45,59.96
2577,69,2022,11,4.05,33.8
2578,70,2022,11,13.51,68.12
2579,71,2022,11,7.05,25.52
2580,72,2022,11,5.09,41.84
2581,73,2022,11,6.43,49.28
2582,74,2022,11,6.41,62.72
2583,75,2022,11,13.67,77.12
2584,76,2022,11,6.12,74.36
2585,77,2022,11,7.15,43.52
2586,78,2022,11,6.87,38.84
2587,79,2022,11,10.06,79.04
2588,80,2022,11,5.95,53.84
2589,81,2022,11,2.19,22.16
2590,82,2022,11,7.32,78.2
2591,83,2022,11,7.4,47.84
2592,84,2022,11,6.53,76.04
2593,85,2022,11,5.82,17.84
2594,86,2022,11,10.87,78.32
2595,87,2022,11,11.81,71.48
2596,88,2022,11,6.65,61.52
2597,89,2022,11,12.51,57.08
2598,90,2022,11,10.95,80.24
2599,91,2022,11,9.09,78.92
2600,92,2022,11,8.68,63.56
2601,93,2022,11,5.3,60.32
2602,94,2022,11,6.11,55.28
2603,95,2022,11,13.52,76.52
2604,96,2022,11,5.73,35.6
2605,97,2022,11,10.68,81.08
2606,98,2022,11,6.44,53.0
2607,99,2022,11,6.79,39.2
2608,100,2022,11,8.0,79.28
2609,101,2022,11,8.19,72.44
2610,102,2022,11,4.27,49.4
2611,103,2022,11,10.05,81.44
2612,104,2022,11,9.77,69.92
2613,105,2022,11,10.48,74.72
2614,106,2022,11,6.7,40.88
2615,107,2022,11,10.27,59.72
2616,108,2022,11,7.57,61.64
2617,109,2022,11,4.09,26.0
2618,110,2022,11,7.29,75.56
2619,111,2022,11,7.89,79.04
2620,112,2022,11,7.71,78.08
2621,113,2022,11,6.16,40.28
2622,114,2022,11,5.12,28.52
2623,115,2022,11,8.1,76.04
2624,116,2022,11,5.11,55.88
2625,117,2022,11,7.56,58.4
2626,118,2022,11,3.91,31.88
2627,119,2022,11,7.97,53.6
2628,120,2022,11,3.11,25.88
2629,121,2022,11,4.2,69.68
2630,122,2022,11,7.17,58.28
2631,123,2022,11,7.41,77.96
2632,124,2022,11,6.8,25.76
2633,125,2022,11,8.33,45.56
2634,126,2022,11,11.92,74.0
2635,127,2022,11,6.63,48.56
2636,128,2022,11,5.05,31.04
2637,129,2022,11,7.19,46.04
2638,130,2022,11,5.06,31.04
2639,131,2022,11,9.39,60.92
2640,132,2022,11,4.43,32.0
2641,133,2022,11,6.32,38.0
2642,134,2022,11,5.56,58.88
2643,135,2022,11,7.85,60.2
2644,136,2022,11,8.49,53.36
2645,137,2022,11,6.44,56.96
2646,138,2022,11,7.99,59.72
2647,139,2022,11,6.18,74.36
2648,140,2022,11,12.55,65.48
2649,141,2022,11,11.05,68.12
2650,142,2022,11,6.1,60.56
2651,143,2022,11,6.02,56.12
2652,144,2022,11,6.2,61.64
2653,145,2022,11,6.63,44.96
2654,146,2022,11,7.42,56.72
2655,147,2022,11,8.7,77.72
2656,148,2022,11,8.17,26.12
2657,149,2022,11,7.45,49.04
2658,150,2022,11,11.92,70.16
2659,151,2022,11,6.18,27.92
2660,152,2022,11,4.31,27.8
2661,153,2022,11,2.33,23.48
2662,154,2022,11,7.95,79.88
2663,155,2022,11,5.97,38.6
2664,156,2022,11,6.05,32.12
2665,157,2022,11,5.73,33.8
2666,158,2022,11,7.12,54.08
2667,159,2022,11,4.68,45.68
2668,160,2022,11,9.09,62.72
2669,161,2022,11,5.05,37.16
2670,162,2022,11,7.15,58.28
2671,163,2022,11,6.33,37.88
2672,164,2022,11,2.57,24.92
2673,165,2022,11,5.34,36.56
2674,166,2022,11,8.56,37.64
2675,167,2022,11,8.4,79.28
2676,168,2022,11,6.69,41.6
2677,169,2022,11,5.48,31.52
2678,170,2022,11,5.41,56.84
2679,171,2022,11,5.75,27.32
2680,172,2022,11,6.43,38.96
2681,173,2022,11,10.29,53.48
2682,174,2022,11,13.31,74.12
2683,175,2022,11,5.34,35.48
2684,176,2022,11,5.39,55.64
2685,177,2022,11,8.81,58.64
2686,178,2022,11,8.51,78.08
2687,179,2022,11,6.38,36.08
2688,180,2022,11,7.4,44.0
2689,181,2022,11,5.21,40.88
2690,182,2022,11,4.78,23.72
2691,183,2022,11,5.95,40.4
2692,184,2022,11,7.5,58.04
2693,185,2022,11,11.02,65.72
2694,186,2022,11,3.73,23.0
2695,187,2022,11,4.73,38.0
2696,188,2022,11,2.67,25.52
2697,189,2022,11,6.2,80.48
2698,190,2022,11,6.99,25.52
2699,191,2022,11,4.16,29.24
2700,192,2022,11,6.35,35.36
2701,193,2022,11,6.33,1.16
2702,194,2022,11,6.83,50.72
2703,195,2022,11,5.84,35.24
2704,196,2022,11,5.73,36.44
2705,197,2022,11,5.76,45.92
2706,198,2022,11,5.91,36.2
2707,199,2022,11,9.69,63.68
2708,200,2022,11,8.28,72.8
2709,201,2022,11,2.41,26.12
2710,202,2022,11,5.32,32.96
2711,203,2022,11,8.65,70.16
2712,204,2022,11,5.01,32.48
2713,205,2022,11,5.81,32.96
2714,206,2022,11,4.35,34.52
2715,207,2022,11,5.97,-1.24
2716,208,2022,11,4.15,30.56
2717,209,2022,11,4.61,36.32
2718,210,2022,11,5.21,37.4
2719,211,2022,11,9.85,47.96
2720,212,2022,11,8.95,70.4
2721,213,2022,11,5.7,25.76
2722,214,2022,11,8.02,65.48
2723,215,2022,11,4.62,35.0
2724,216,2022,11,11.0,80.12
2725,217,2022,11,8.29,74.12
2726,218,2022,11,3.23,18.68
2727,219,2022,11,5.25,33.8
2728,220,2022,11,4.59,38.6
2729,221,2022,11,8.03,66.68
2730,222,2022,11,5.87,29.72
2731,223,2022,11,7.85,61.88
2732,224,2022,11,4.65,30.8
2733,225,2022,11,4.87,36.8
2734,226,2022,11,6.9,64.76
2735,227,2022,11,3.61,24.44
