,locationID,latitude,longitude,category,results_total,avg_rating,avg_review_count
0,0,38.0464066,-84.4970393,beaches,2,4.75,3.5
1,0,38.0464066,-84.4970393,horsebackriding,16,4.5,13.375
2,0,38.0464066,-84.4970393,hiking,8,4.5,8.5
3,0,38.0464066,-84.4970393,paddleboarding,2,4.75,16.5
4,0,38.0464066,-84.4970393,ziplining,20,5.0,7.9
5,0,38.0464066,-84.4970393,spas,18,3.9166666666666665,20.555555555555557
6,0,38.0464066,-84.4970393,massage,20,4.9,6.7
7,0,38.0464066,-84.4970393,tours,20,4.875,35.0
8,1,32.7174202,-117.16277279999998,beaches,20,4.7,233.35
9,1,32.7174202,-117.16277279999998,hanggliding,1,4.5,413.0
10,1,32.7174202,-117.16277279999998,horsebackriding,20,4.875,30.95
11,1,32.7174202,-117.16277279999998,hiking,20,4.7,158.8
12,1,32.7174202,-117.16277279999998,hot_air_balloons,4,4.125,193.25
13,1,32.7174202,-117.16277279999998,paddleboarding,20,5.0,69.05
14,1,32.7174202,-117.16277279999998,parasailing,1,4.5,143.0
15,1,32.7174202,-117.16277279999998,sailing,20,4.875,71.95
16,1,32.7174202,-117.16277279999998,snorkeling,10,4.7,194.0
17,1,32.7174202,-117.16277279999998,ziplining,20,5.0,13.3
18,1,32.7174202,-117.16277279999998,spas,20,5.0,11.9
19,1,32.7174202,-117.16277279999998,massage,20,5.0,14.85
20,1,32.7174202,-117.16277279999998,tours,20,5.0,15.5
21,3,40.646092100000004,-111.4979963,beaches,1,3.0,2.0
22,3,40.646092100000004,-111.4979963,hanggliding,4,4.0,4.5
23,3,40.646092100000004,-111.4979963,horsebackriding,20,3.95,17.0
24,3,40.646092100000004,-111.4979963,hiking,20,4.9,15.45
25,3,40.646092100000004,-111.4979963,hot_air_balloons,4,4.5,6.0
26,3,40.646092100000004,-111.4979963,paddleboarding,9,4.5,12.333333333333334
27,3,40.646092100000004,-111.4979963,ziplining,20,5.0,7.05
28,3,40.646092100000004,-111.4979963,spas,20,4.85,34.4
29,3,40.646092100000004,-111.4979963,hotsprings,1,5.0,1.0
30,3,40.646092100000004,-111.4979963,massage,20,5.0,20.55
31,3,40.646092100000004,-111.4979963,tours,20,4.975,32.45
32,4,54.97384739999999,-1.6131572,beaches,1,5.0,1.0
33,4,54.97384739999999,-1.6131572,horsebackriding,1,3.5,3.0
34,4,54.97384739999999,-1.6131572,ziplining,20,5.0,7.9
35,4,54.97384739999999,-1.6131572,spas,1,5.0,1.0
36,4,54.97384739999999,-1.6131572,massage,8,3.9375,1.25
37,4,54.97384739999999,-1.6131572,tours,3,4.666666666666667,2.3333333333333335
38,5,-27.468968199999996,153.02349909999998,beaches,5,3.9,4.0
39,5,-27.468968199999996,153.02349909999998,horsebackriding,4,2.875,2.0
40,5,-27.468968199999996,153.02349909999998,hiking,4,4.0,2.25
41,5,-27.468968199999996,153.02349909999998,hot_air_balloons,2,5.0,1.0
42,5,-27.468968199999996,153.02349909999998,ziplining,20,5.0,7.4
43,5,-27.468968199999996,153.02349909999998,spas,20,4.575,2.65
44,5,-27.468968199999996,153.02349909999998,massage,20,4.975,2.1
45,5,-27.468968199999996,153.02349909999998,tours,16,3.875,1.5
46,6,-28.0402165,152.81060540815727,beaches,1,4.0,13.0
47,6,-28.0402165,152.81060540815727,hiking,2,4.25,1.5
48,6,-28.0402165,152.81060540815727,ziplining,20,4.725,3.4
49,6,-28.0402165,152.81060540815727,massage,2,5.0,2.0
50,6,-28.0402165,152.81060540815727,tours,5,4.5,2.4
51,7,34.244058700000004,-116.91018000000001,beaches,3,3.5,10.333333333333334
52,7,34.244058700000004,-116.91018000000001,hanggliding,3,4.333333333333333,42.666666666666664
53,7,34.244058700000004,-116.91018000000001,horsebackriding,20,4.8,11.05
54,7,34.244058700000004,-116.91018000000001,hiking,20,4.775,41.75
55,7,34.244058700000004,-116.91018000000001,hot_air_balloons,1,5.0,131.0
56,7,34.244058700000004,-116.91018000000001,paddleboarding,6,4.833333333333333,178.83333333333334
57,7,34.244058700000004,-116.91018000000001,sailing,1,4.5,5.0
58,7,34.244058700000004,-116.91018000000001,ziplining,20,5.0,10.35
59,7,34.244058700000004,-116.91018000000001,spas,20,4.8,73.3
60,7,34.244058700000004,-116.91018000000001,hotsprings,1,4.0,8.0
61,7,34.244058700000004,-116.91018000000001,massage,20,5.0,11.2
62,7,34.244058700000004,-116.91018000000001,tours,20,5.0,21.9
63,8,-36.718804999999996,142.22095086226386,ziplining,20,4.4,2.1
64,8,-36.718804999999996,142.22095086226386,tours,1,5.0,1.0
65,9,49.5041747,-115.062867,ziplining,20,4.5,15.0
66,9,49.5041747,-115.062867,spas,1,5.0,1.0
67,9,49.5041747,-115.062867,massage,1,4.0,4.0
68,9,49.5041747,-115.062867,tours,2,1.0,1.5
69,11,37.2395367,-107.82158179169292,horsebackriding,9,4.888888888888889,11.11111111111111
70,11,37.2395367,-107.82158179169292,hiking,5,4.6,2.8
71,11,37.2395367,-107.82158179169292,paddleboarding,3,4.833333333333333,8.666666666666666
72,11,37.2395367,-107.82158179169292,ziplining,20,5.0,22.35
73,11,37.2395367,-107.82158179169292,spas,6,4.166666666666667,26.833333333333332
74,11,37.2395367,-107.82158179169292,massage,13,4.384615384615385,16.692307692307693
75,11,37.2395367,-107.82158179169292,tours,15,4.733333333333333,32.8
76,12,-32.728465,151.9380100885447,beaches,9,4.666666666666667,1.3333333333333333
77,12,-32.728465,151.9380100885447,ziplining,20,4.725,6.9
78,12,-32.728465,151.9380100885447,spas,1,4.0,1.0
79,12,-32.728465,151.9380100885447,massage,1,3.0,2.0
80,12,-32.728465,151.9380100885447,tours,2,4.5,3.0
81,13,17.223472100000002,-61.9554608,beaches,1,5.0,4.0
82,13,17.223472100000002,-61.9554608,ziplining,4,4.5,3.0
83,15,50.67108245,-1.3328042802764226,beaches,7,4.142857142857143,3.4285714285714284
84,15,50.67108245,-1.3328042802764226,horsebackriding,7,3.7857142857142856,1.1428571428571428
85,15,50.67108245,-1.3328042802764226,sailing,4,4.625,1.75
86,15,50.67108245,-1.3328042802764226,ziplining,20,5.0,6.3
87,15,50.67108245,-1.3328042802764226,spas,1,5.0,1.0
88,15,50.67108245,-1.3328042802764226,massage,14,4.571428571428571,1.5714285714285714
89,15,50.67108245,-1.3328042802764226,tours,10,4.55,6.4
90,17,36.508976000000004,-4.885619999999999,beaches,17,3.9411764705882355,2.4705882352941178
91,17,36.508976000000004,-4.885619999999999,horsebackriding,3,4.666666666666667,1.0
92,17,36.508976000000004,-4.885619999999999,hiking,2,4.75,1.5
93,17,36.508976000000004,-4.885619999999999,ziplining,20,5.0,9.6
94,17,36.508976000000004,-4.885619999999999,spas,2,4.0,1.5
95,17,36.508976000000004,-4.885619999999999,massage,9,4.555555555555555,1.2222222222222223
96,17,36.508976000000004,-4.885619999999999,tours,11,4.318181818181818,2.090909090909091
97,18,32.079007399999995,-81.0921335,beaches,14,3.9642857142857144,22.428571428571427
98,18,32.079007399999995,-81.0921335,hanggliding,1,5.0,6.0
99,18,32.079007399999995,-81.0921335,horsebackriding,9,4.0,9.555555555555555
100,18,32.079007399999995,-81.0921335,hiking,13,4.153846153846154,28.615384615384617
101,18,32.079007399999995,-81.0921335,paddleboarding,10,4.65,23.4
102,18,32.079007399999995,-81.0921335,parasailing,3,4.5,39.666666666666664
103,18,32.079007399999995,-81.0921335,sailing,5,5.0,7.0
104,18,32.079007399999995,-81.0921335,ziplining,20,5.0,10.0
105,18,32.079007399999995,-81.0921335,spas,20,4.6,29.2
106,18,32.079007399999995,-81.0921335,massage,20,4.825,19.6
107,18,32.079007399999995,-81.0921335,tours,20,5.0,11.35
108,19,-16.484598300000002,145.4636294,beaches,3,4.5,3.6666666666666665
109,19,-16.484598300000002,145.4636294,horsebackriding,1,5.0,3.0
110,19,-16.484598300000002,145.4636294,hiking,3,4.833333333333333,2.6666666666666665
111,19,-16.484598300000002,145.4636294,snorkeling,1,5.0,7.0
112,19,-16.484598300000002,145.4636294,ziplining,20,4.825,6.5
113,19,-16.484598300000002,145.4636294,spas,2,4.0,3.5
114,19,-16.484598300000002,145.4636294,massage,1,2.0,2.0
115,19,-16.484598300000002,145.4636294,tours,10,4.35,3.2
116,21,-19.1421421,146.83354856403196,snorkeling,1,5.0,1.0
117,21,-19.1421421,146.83354856403196,ziplining,20,4.8,4.15
118,21,-19.1421421,146.83354856403196,massage,1,4.0,1.0
119,21,-19.1421421,146.83354856403196,tours,1,5.0,1.0
120,22,-33.934444,18.869167,ziplining,2,4.5,2.0
121,23,-28.648333299999997,153.61777780000003,beaches,6,4.083333333333333,2.1666666666666665
122,23,-28.648333299999997,153.61777780000003,hiking,1,5.0,6.0
123,23,-28.648333299999997,153.61777780000003,ziplining,20,4.95,4.4
124,23,-28.648333299999997,153.61777780000003,spas,1,4.0,1.0
125,23,-28.648333299999997,153.61777780000003,massage,4,3.5,1.0
126,23,-28.648333299999997,153.61777780000003,tours,2,5.0,1.0
127,24,-45.0321923,168.66099999999997,hanggliding,1,4.5,3.0
128,24,-45.0321923,168.66099999999997,horsebackriding,4,4.5,1.25
129,24,-45.0321923,168.66099999999997,hiking,6,4.5,2.6666666666666665
130,24,-45.0321923,168.66099999999997,ziplining,20,4.95,10.25
131,24,-45.0321923,168.66099999999997,spas,2,4.5,2.5
132,24,-45.0321923,168.66099999999997,hotsprings,1,4.5,20.0
133,24,-45.0321923,168.66099999999997,massage,2,4.75,3.5
134,24,-45.0321923,168.66099999999997,tours,20,4.8,4.45
135,25,33.77217945,-116.49529769683984,horsebackriding,14,4.464285714285714,61.42857142857143
136,25,33.77217945,-116.49529769683984,hiking,20,4.725,28.35
137,25,33.77217945,-116.49529769683984,hot_air_balloons,3,3.5,130.66666666666666
138,25,33.77217945,-116.49529769683984,paddleboarding,2,4.75,121.5
139,25,33.77217945,-116.49529769683984,ziplining,20,5.0,9.0
140,25,33.77217945,-116.49529769683984,spas,20,4.925,51.75
141,25,33.77217945,-116.49529769683984,hotsprings,1,3.0,2.0
142,25,33.77217945,-116.49529769683984,massage,20,5.0,15.15
143,25,33.77217945,-116.49529769683984,tours,20,5.0,22.65
144,28,45.437190799999996,12.3345898,beaches,3,4.0,5.0
145,28,45.437190799999996,12.3345898,ziplining,20,5.0,7.8
146,28,45.437190799999996,12.3345898,spas,5,3.8,6.8
147,28,45.437190799999996,12.3345898,massage,4,2.75,1.0
148,28,45.437190799999996,12.3345898,tours,20,4.85,5.3
149,31,-28.002373100000003,153.4145987,beaches,17,4.176470588235294,2.6470588235294117
150,31,-28.002373100000003,153.4145987,hiking,3,4.5,1.6666666666666667
151,31,-28.002373100000003,153.4145987,hot_air_balloons,1,5.0,1.0
152,31,-28.002373100000003,153.4145987,ziplining,20,4.925,8.55
153,31,-28.002373100000003,153.4145987,spas,5,3.8,2.6
154,31,-28.002373100000003,153.4145987,massage,16,4.6875,1.3125
155,31,-28.002373100000003,153.4145987,tours,8,3.9375,2.0
156,32,44.4643768,-72.6856197,beaches,3,4.666666666666667,3.0
157,32,44.4643768,-72.6856197,horsebackriding,8,4.75,6.375
158,32,44.4643768,-72.6856197,hiking,19,4.394736842105263,7.2105263157894735
159,32,44.4643768,-72.6856197,hot_air_balloons,1,5.0,11.0
160,32,44.4643768,-72.6856197,paddleboarding,2,4.0,8.5
161,32,44.4643768,-72.6856197,ziplining,20,5.0,14.0
162,32,44.4643768,-72.6856197,spas,12,4.083333333333333,21.416666666666668
163,32,44.4643768,-72.6856197,massage,20,4.45,13.2
164,32,44.4643768,-72.6856197,tours,20,4.85,15.8
165,34,37.9374939,-107.812285,horsebackriding,5,4.4,8.2
166,34,37.9374939,-107.812285,hiking,15,4.866666666666666,3.466666666666667
167,34,37.9374939,-107.812285,paddleboarding,4,4.875,8.75
168,34,37.9374939,-107.812285,ziplining,20,5.0,15.3
169,34,37.9374939,-107.812285,spas,9,3.611111111111111,25.22222222222222
170,34,37.9374939,-107.812285,hotsprings,1,4.0,116.0
171,34,37.9374939,-107.812285,massage,13,4.576923076923077,23.384615384615383
172,34,37.9374939,-107.812285,tours,20,4.775,31.4
173,35,49.8879177,-119.495902,beaches,3,4.0,2.3333333333333335
174,35,49.8879177,-119.495902,horsebackriding,1,4.5,2.0
175,35,49.8879177,-119.495902,paddleboarding,1,5.0,1.0
176,35,49.8879177,-119.495902,sailing,1,4.0,1.0
177,35,49.8879177,-119.495902,ziplining,20,4.925,14.2
178,35,49.8879177,-119.495902,spas,16,3.6875,4.5
179,35,49.8879177,-119.495902,massage,20,3.775,2.6
180,35,49.8879177,-119.495902,tours,20,4.95,3.35
181,36,43.10656029999999,-79.06390390000001,beaches,11,3.6818181818181817,11.272727272727273
182,36,43.10656029999999,-79.06390390000001,horsebackriding,8,3.625,6.625
183,36,43.10656029999999,-79.06390390000001,hiking,20,4.525,20.05
184,36,43.10656029999999,-79.06390390000001,paddleboarding,1,4.5,22.0
185,36,43.10656029999999,-79.06390390000001,ziplining,20,5.0,8.2
186,36,43.10656029999999,-79.06390390000001,spas,20,4.775,12.15
187,36,43.10656029999999,-79.06390390000001,massage,20,4.75,17.0
188,36,43.10656029999999,-79.06390390000001,tours,20,4.925,14.35
189,37,30.2711224,-87.68938259999999,beaches,20,4.725,13.35
190,37,30.2711224,-87.68938259999999,hanggliding,1,5.0,2.0
191,37,30.2711224,-87.68938259999999,horsebackriding,5,4.1,5.8
192,37,30.2711224,-87.68938259999999,hiking,11,4.590909090909091,11.090909090909092
193,37,30.2711224,-87.68938259999999,paddleboarding,15,4.633333333333334,10.4
194,37,30.2711224,-87.68938259999999,parasailing,6,4.083333333333333,24.0
195,37,30.2711224,-87.68938259999999,sailing,3,4.833333333333333,20.666666666666668
196,37,30.2711224,-87.68938259999999,snorkeling,1,4.0,59.0
197,37,30.2711224,-87.68938259999999,ziplining,20,5.0,18.2
198,37,30.2711224,-87.68938259999999,spas,20,4.225,15.45
199,37,30.2711224,-87.68938259999999,massage,20,4.925,15.1
200,37,30.2711224,-87.68938259999999,tours,20,4.85,22.4
201,38,15.2214956,145.73848569999998,beaches,3,2.0,1.0
202,38,15.2214956,145.73848569999998,ziplining,20,4.75,11.05
203,38,15.2214956,145.73848569999998,spas,3,3.3333333333333335,4.333333333333333
204,38,15.2214956,145.73848569999998,massage,5,4.4,4.2
205,38,15.2214956,145.73848569999998,tours,2,5.0,1.5
206,39,43.4832523,-1.5592776000000002,beaches,20,4.75,5.05
207,39,43.4832523,-1.5592776000000002,horsebackriding,2,4.5,1.0
208,39,43.4832523,-1.5592776000000002,hiking,2,5.0,1.0
209,39,43.4832523,-1.5592776000000002,paddleboarding,1,5.0,1.0
210,39,43.4832523,-1.5592776000000002,ziplining,20,5.0,10.3
211,39,43.4832523,-1.5592776000000002,spas,2,4.5,3.5
212,39,43.4832523,-1.5592776000000002,massage,9,4.555555555555555,2.0
213,39,43.4832523,-1.5592776000000002,tours,20,4.95,5.45
214,40,-33.953177600000004,115.07693689999999,beaches,7,4.642857142857143,1.4285714285714286
215,40,-33.953177600000004,115.07693689999999,ziplining,20,4.675,9.0
216,40,-33.953177600000004,115.07693689999999,massage,1,5.0,1.0
217,40,-33.953177600000004,115.07693689999999,tours,4,4.625,4.75
218,42,46.603353999999996,1.8883334999999999,beaches,1,4.0,1.0
219,42,46.603353999999996,1.8883334999999999,ziplining,20,4.65,4.05
220,43,13.1500331,-59.52503050000001,ziplining,5,3.8,10.2
221,44,20.169626800000003,-87.44979005748026,beaches,11,4.363636363636363,19.09090909090909
222,44,20.169626800000003,-87.44979005748026,hiking,10,4.55,9.2
223,44,20.169626800000003,-87.44979005748026,paddleboarding,5,4.8,2.0
224,44,20.169626800000003,-87.44979005748026,sailing,5,4.6,20.2
225,44,20.169626800000003,-87.44979005748026,snorkeling,20,4.775,27.0
226,44,20.169626800000003,-87.44979005748026,ziplining,20,5.0,10.3
227,44,20.169626800000003,-87.44979005748026,spas,18,4.305555555555555,13.222222222222221
228,44,20.169626800000003,-87.44979005748026,massage,10,4.15,15.7
229,44,20.169626800000003,-87.44979005748026,tours,20,5.0,29.15
230,45,51.53882410000001,0.7128137,beaches,1,4.0,12.0
231,45,51.53882410000001,0.7128137,horsebackriding,12,4.083333333333333,1.25
232,45,51.53882410000001,0.7128137,sailing,1,2.5,2.0
233,45,51.53882410000001,0.7128137,ziplining,20,5.0,7.0
234,45,51.53882410000001,0.7128137,spas,9,4.166666666666667,1.4444444444444444
235,45,51.53882410000001,0.7128137,massage,19,4.552631578947368,1.2105263157894737
236,45,51.53882410000001,0.7128137,tours,12,3.9166666666666665,5.25
237,46,60.39430550000001,5.3259192,hiking,3,4.666666666666667,6.0
238,46,60.39430550000001,5.3259192,ziplining,20,4.95,11.95
239,46,60.39430550000001,5.3259192,spas,1,3.0,1.0
240,46,60.39430550000001,5.3259192,massage,1,5.0,1.0
241,46,60.39430550000001,5.3259192,tours,4,4.375,23.75
242,48,-34.61341495,138.9385455169364,hiking,4,4.125,5.0
243,48,-34.61341495,138.9385455169364,hot_air_balloons,1,5.0,1.0
244,48,-34.61341495,138.9385455169364,ziplining,20,5.0,7.0
245,48,-34.61341495,138.9385455169364,spas,18,3.5833333333333335,2.5
246,48,-34.61341495,138.9385455169364,massage,20,3.9,2.05
247,48,-34.61341495,138.9385455169364,tours,19,4.2894736842105265,7.842105263157895
248,49,34.862942600000004,-111.8137097,horsebackriding,12,4.625,52.5
249,49,34.862942600000004,-111.8137097,hiking,20,5.0,26.6
250,49,34.862942600000004,-111.8137097,hot_air_balloons,2,4.5,121.5
251,49,34.862942600000004,-111.8137097,paddleboarding,1,5.0,14.0
252,49,34.862942600000004,-111.8137097,ziplining,20,5.0,19.15
253,49,34.862942600000004,-111.8137097,spas,20,4.575,64.05
254,49,34.862942600000004,-111.8137097,massage,20,4.9,35.55
255,49,34.862942600000004,-111.8137097,tours,20,5.0,17.8
256,50,18.185050699999998,-77.3947693,ziplining,2,4.25,37.5
257,51,12.51756625,-69.98186415210564,beaches,1,5.0,5.0
258,51,12.51756625,-69.98186415210564,ziplining,16,4.40625,60.25
259,51,12.51756625,-69.98186415210564,tours,1,5.0,33.0
260,52,-35.14181285,150.39164649482632,beaches,4,4.625,1.5
261,52,-35.14181285,150.39164649482632,ziplining,20,4.8,3.85
262,52,-35.14181285,150.39164649482632,tours,2,4.5,3.0
263,54,46.7985624,8.231973599999998,beaches,2,4.5,1.5
264,54,46.7985624,8.231973599999998,hanggliding,3,5.0,8.0
265,54,46.7985624,8.231973599999998,hiking,7,4.571428571428571,7.857142857142857
266,54,46.7985624,8.231973599999998,ziplining,20,5.0,8.15
267,54,46.7985624,8.231973599999998,spas,3,3.8333333333333335,2.0
268,54,46.7985624,8.231973599999998,massage,3,5.0,1.0
269,54,46.7985624,8.231973599999998,tours,11,4.454545454545454,3.0
270,55,-33.8611665,121.88851585854931,beaches,1,5.0,1.0
271,55,-33.8611665,121.88851585854931,ziplining,20,4.075,1.9
272,56,-16.9206657,145.7721854,beaches,2,4.5,3.5
273,56,-16.9206657,145.7721854,horsebackriding,1,5.0,3.0
274,56,-16.9206657,145.7721854,hiking,3,3.3333333333333335,1.0
275,56,-16.9206657,145.7721854,sailing,2,5.0,2.0
276,56,-16.9206657,145.7721854,snorkeling,5,4.6,9.0
277,56,-16.9206657,145.7721854,ziplining,20,5.0,8.85
278,56,-16.9206657,145.7721854,spas,1,5.0,2.0
279,56,-16.9206657,145.7721854,massage,6,3.25,2.1666666666666665
280,56,-16.9206657,145.7721854,tours,14,4.0,4.214285714285714
281,57,44.958452799999996,6.8786855,beaches,1,5.0,1.0
282,57,44.958452799999996,6.8786855,hiking,3,4.666666666666667,1.0
283,57,44.958452799999996,6.8786855,ziplining,20,4.75,5.2
284,57,44.958452799999996,6.8786855,spas,2,4.0,4.0
285,57,44.958452799999996,6.8786855,massage,1,5.0,1.0
286,57,44.958452799999996,6.8786855,tours,7,4.214285714285714,1.2857142857142858
287,58,-26.6544338,153.0933668,beaches,7,4.714285714285714,1.8571428571428572
288,58,-26.6544338,153.0933668,horsebackriding,1,1.0,1.0
289,58,-26.6544338,153.0933668,sailing,1,2.5,2.0
290,58,-26.6544338,153.0933668,ziplining,20,4.8,8.7
291,58,-26.6544338,153.0933668,spas,1,4.5,2.0
292,58,-26.6544338,153.0933668,massage,3,5.0,1.0
293,58,-26.6544338,153.0933668,tours,7,4.785714285714286,1.2857142857142858
294,59,-34.427808299999995,150.893054,beaches,3,4.0,1.6666666666666667
295,59,-34.427808299999995,150.893054,hanggliding,1,5.0,1.0
296,59,-34.427808299999995,150.893054,ziplining,20,4.875,5.3
297,59,-34.427808299999995,150.893054,spas,1,4.0,1.0
298,59,-34.427808299999995,150.893054,massage,2,5.0,1.0
299,59,-34.427808299999995,150.893054,tours,4,4.625,2.5
300,60,51.08668970000001,-115.3481135,horsebackriding,3,3.5,15.666666666666666
301,60,51.08668970000001,-115.3481135,hiking,20,4.8,20.5
302,60,51.08668970000001,-115.3481135,ziplining,20,4.95,21.25
303,60,51.08668970000001,-115.3481135,spas,17,4.029411764705882,17.529411764705884
304,60,51.08668970000001,-115.3481135,massage,9,4.0,7.777777777777778
305,60,51.08668970000001,-115.3481135,tours,20,4.725,12.15
306,61,44.279621,-73.979874,beaches,1,4.5,4.0
307,61,44.279621,-73.979874,horsebackriding,4,1.875,5.75
308,61,44.279621,-73.979874,hiking,20,4.55,6.95
309,61,44.279621,-73.979874,paddleboarding,5,4.4,12.4
310,61,44.279621,-73.979874,ziplining,20,4.825,26.35
311,61,44.279621,-73.979874,spas,4,3.625,20.25
312,61,44.279621,-73.979874,massage,2,5.0,12.0
313,61,44.279621,-73.979874,tours,11,4.454545454545454,16.636363636363637
314,62,-37.8142454,144.96317319999997,beaches,14,4.357142857142857,4.357142857142857
315,62,-37.8142454,144.96317319999997,horsebackriding,4,4.25,1.0
316,62,-37.8142454,144.96317319999997,hiking,5,4.2,4.2
317,62,-37.8142454,144.96317319999997,hot_air_balloons,1,5.0,3.0
318,62,-37.8142454,144.96317319999997,paddleboarding,1,2.0,2.0
319,62,-37.8142454,144.96317319999997,snorkeling,2,5.0,2.0
320,62,-37.8142454,144.96317319999997,ziplining,20,5.0,6.95
321,62,-37.8142454,144.96317319999997,spas,20,4.95,2.05
322,62,-37.8142454,144.96317319999997,massage,20,5.0,1.5
323,62,-37.8142454,144.96317319999997,tours,20,4.85,3.2
324,63,-31.955893300000003,115.8605855,beaches,20,4.5,6.25
325,63,-31.955893300000003,115.8605855,horsebackriding,2,1.5,3.0
326,63,-31.955893300000003,115.8605855,hiking,17,3.911764705882353,1.411764705882353
327,63,-31.955893300000003,115.8605855,paddleboarding,2,3.5,1.5
328,63,-31.955893300000003,115.8605855,sailing,1,5.0,1.0
329,63,-31.955893300000003,115.8605855,ziplining,20,5.0,9.25
330,63,-31.955893300000003,115.8605855,spas,20,4.5,2.0
331,63,-31.955893300000003,115.8605855,massage,20,4.875,2.75
332,63,-31.955893300000003,115.8605855,tours,20,4.85,3.35
333,64,51.453802200000005,-2.5972985,beaches,3,3.8333333333333335,3.0
334,64,51.453802200000005,-2.5972985,horsebackriding,8,4.6875,1.875
335,64,51.453802200000005,-2.5972985,hiking,8,4.6875,3.5
336,64,51.453802200000005,-2.5972985,hot_air_balloons,1,1.0,1.0
337,64,51.453802200000005,-2.5972985,ziplining,20,5.0,11.1
338,64,51.453802200000005,-2.5972985,spas,20,3.5,8.7
339,64,51.453802200000005,-2.5972985,massage,20,4.825,2.25
340,64,51.453802200000005,-2.5972985,tours,20,4.525,5.3
341,65,44.841225,-0.5800364,beaches,6,4.083333333333333,2.3333333333333335
342,65,44.841225,-0.5800364,horsebackriding,11,3.9545454545454546,1.1818181818181819
343,65,44.841225,-0.5800364,hiking,2,3.25,1.5
344,65,44.841225,-0.5800364,paddleboarding,1,5.0,4.0
345,65,44.841225,-0.5800364,ziplining,20,5.0,9.05
346,65,44.841225,-0.5800364,spas,20,4.675,6.7
347,65,44.841225,-0.5800364,massage,20,4.8,4.4
348,65,44.841225,-0.5800364,tours,20,4.875,3.85
349,67,39.1911128,-106.8235606,horsebackriding,10,4.2,38.6
350,67,39.1911128,-106.8235606,hiking,20,4.625,5.9
351,67,39.1911128,-106.8235606,hot_air_balloons,1,5.0,4.0
352,67,39.1911128,-106.8235606,paddleboarding,11,4.7727272727272725,16.818181818181817
353,67,39.1911128,-106.8235606,ziplining,20,4.875,29.35
354,67,39.1911128,-106.8235606,spas,12,4.333333333333333,19.416666666666668
355,67,39.1911128,-106.8235606,hotsprings,1,4.0,43.0
356,67,39.1911128,-106.8235606,massage,20,4.425,13.65
357,67,39.1911128,-106.8235606,tours,20,4.825,29.35
358,68,36.4071112,25.456663652707157,ziplining,1,4.5,12.0
359,69,55.399722499999996,10.3852104,ziplining,20,4.8,5.6
360,69,55.399722499999996,10.3852104,spas,1,4.5,3.0
361,70,-34.928180499999996,138.5999312,beaches,20,4.2,5.55
362,70,-34.928180499999996,138.5999312,horsebackriding,2,4.5,1.0
363,70,-34.928180499999996,138.5999312,hiking,10,3.55,2.6
364,70,-34.928180499999996,138.5999312,ziplining,20,5.0,7.65
365,70,-34.928180499999996,138.5999312,spas,20,4.225,2.25
366,70,-34.928180499999996,138.5999312,massage,20,4.575,1.8
367,70,-34.928180499999996,138.5999312,tours,20,4.7,7.1
368,71,39.7837304,-100.445882,ziplining,9,4.666666666666667,3.3333333333333335
369,72,51.6195955,-3.9459248,beaches,20,4.7,2.8
370,72,51.6195955,-3.9459248,horsebackriding,1,2.5,3.0
371,72,51.6195955,-3.9459248,hiking,1,5.0,1.0
372,72,51.6195955,-3.9459248,ziplining,20,4.825,7.05
373,72,51.6195955,-3.9459248,spas,1,2.0,2.0
374,72,51.6195955,-3.9459248,massage,4,4.5,1.75
375,72,51.6195955,-3.9459248,tours,1,4.5,2.0
376,73,32.7762719,-96.7968559,horsebackriding,20,4.7,16.6
377,73,32.7762719,-96.7968559,hiking,20,4.725,37.05
378,73,32.7762719,-96.7968559,hot_air_balloons,2,4.5,5.5
379,73,32.7762719,-96.7968559,paddleboarding,8,4.625,14.625
380,73,32.7762719,-96.7968559,sailing,3,4.166666666666667,3.3333333333333335
381,73,32.7762719,-96.7968559,ziplining,20,5.0,10.35
382,73,32.7762719,-96.7968559,spas,20,5.0,11.2
383,73,32.7762719,-96.7968559,massage,20,5.0,10.85
384,73,32.7762719,-96.7968559,tours,20,4.9,22.35
385,74,27.763530199999998,-97.4033191,beaches,17,4.235294117647059,26.41176470588235
386,74,27.763530199999998,-97.4033191,horsebackriding,2,2.75,51.0
387,74,27.763530199999998,-97.4033191,paddleboarding,8,4.75,6.375
388,74,27.763530199999998,-97.4033191,parasailing,1,5.0,35.0
389,74,27.763530199999998,-97.4033191,sailing,2,5.0,1.0
390,74,27.763530199999998,-97.4033191,ziplining,20,5.0,21.8
391,74,27.763530199999998,-97.4033191,spas,10,4.0,23.0
392,74,27.763530199999998,-97.4033191,massage,20,4.825,16.0
393,74,27.763530199999998,-97.4033191,tours,18,4.166666666666667,21.72222222222222
394,75,-22.29247155,114.1469586328106,beaches,1,5.0,1.0
395,75,-22.29247155,114.1469586328106,snorkeling,1,4.0,2.0
396,75,-22.29247155,114.1469586328106,ziplining,13,3.9615384615384617,4.230769230769231
397,75,-22.29247155,114.1469586328106,massage,1,5.0,2.0
398,75,-22.29247155,114.1469586328106,tours,1,4.0,2.0
399,76,25.7929198,-80.1353006,beaches,20,4.6,70.3
400,76,25.7929198,-80.1353006,hanggliding,1,3.0,2.0
401,76,25.7929198,-80.1353006,horsebackriding,20,4.8,22.45
402,76,25.7929198,-80.1353006,hiking,5,4.6,9.2
403,76,25.7929198,-80.1353006,hot_air_balloons,1,3.5,14.0
404,76,25.7929198,-80.1353006,paddleboarding,20,4.875,36.4
405,76,25.7929198,-80.1353006,parasailing,20,3.925,25.55
406,76,25.7929198,-80.1353006,sailing,20,4.85,25.0
407,76,25.7929198,-80.1353006,snorkeling,20,4.55,39.35
408,76,25.7929198,-80.1353006,ziplining,20,4.95,6.85
409,76,25.7929198,-80.1353006,spas,20,5.0,14.8
410,76,25.7929198,-80.1353006,massage,20,5.0,9.4
411,76,25.7929198,-80.1353006,tours,20,5.0,12.7
412,77,38.2971367,-122.28552930000001,beaches,5,4.2,29.6
413,77,38.2971367,-122.28552930000001,hanggliding,1,4.5,18.0
414,77,38.2971367,-122.28552930000001,horsebackriding,20,4.875,12.2
415,77,38.2971367,-122.28552930000001,hiking,20,4.7,26.95
416,77,38.2971367,-122.28552930000001,hot_air_balloons,7,4.642857142857143,220.42857142857142
417,77,38.2971367,-122.28552930000001,paddleboarding,16,4.59375,58.25
418,77,38.2971367,-122.28552930000001,sailing,3,5.0,7.666666666666667
419,77,38.2971367,-122.28552930000001,ziplining,20,5.0,9.0
420,77,38.2971367,-122.28552930000001,spas,20,5.0,42.8
421,77,38.2971367,-122.28552930000001,hotsprings,1,3.5,62.0
422,77,38.2971367,-122.28552930000001,massage,20,5.0,9.3
423,77,38.2971367,-122.28552930000001,tours,20,5.0,19.45
424,78,35.600949799999995,-82.5540161,beaches,1,3.0,6.0
425,78,35.600949799999995,-82.5540161,horsebackriding,13,4.3076923076923075,11.923076923076923
426,78,35.600949799999995,-82.5540161,hiking,20,4.775,33.65
427,78,35.600949799999995,-82.5540161,hot_air_balloons,2,3.75,8.0
428,78,35.600949799999995,-82.5540161,paddleboarding,6,4.666666666666667,18.833333333333332
429,78,35.600949799999995,-82.5540161,ziplining,20,5.0,9.15
430,78,35.600949799999995,-82.5540161,spas,20,4.875,20.15
431,78,35.600949799999995,-82.5540161,massage,20,4.85,34.85
432,78,35.600949799999995,-82.5540161,tours,20,5.0,28.9
433,80,30.2711286,-97.7436995,beaches,6,3.5833333333333335,5.666666666666667
434,80,30.2711286,-97.7436995,horsebackriding,20,4.775,20.45
435,80,30.2711286,-97.7436995,hiking,20,4.7,44.75
436,80,30.2711286,-97.7436995,hot_air_balloons,1,4.0,19.0
437,80,30.2711286,-97.7436995,paddleboarding,20,4.7,89.2
438,80,30.2711286,-97.7436995,sailing,2,5.0,6.5
439,80,30.2711286,-97.7436995,snorkeling,1,4.5,44.0
440,80,30.2711286,-97.7436995,ziplining,20,5.0,7.7
441,80,30.2711286,-97.7436995,spas,20,4.925,62.3
442,80,30.2711286,-97.7436995,massage,20,5.0,9.2
443,80,30.2711286,-97.7436995,tours,20,5.0,12.4
444,82,13.8250489,-60.975035999999996,ziplining,1,4.5,7.0
445,83,33.4942189,-111.92601840000002,horsebackriding,20,4.8,56.85
446,83,33.4942189,-111.92601840000002,hiking,20,4.825,42.25
447,83,33.4942189,-111.92601840000002,hot_air_balloons,12,4.458333333333333,56.5
448,83,33.4942189,-111.92601840000002,paddleboarding,17,4.617647058823529,31.058823529411764
449,83,33.4942189,-111.92601840000002,sailing,3,3.6666666666666665,4.0
450,83,33.4942189,-111.92601840000002,ziplining,20,5.0,10.2
451,83,33.4942189,-111.92601840000002,spas,20,5.0,11.5
452,83,33.4942189,-111.92601840000002,massage,20,5.0,8.85
453,83,33.4942189,-111.92601840000002,tours,20,5.0,15.4
454,85,46.497895799999995,9.839242800000001,hiking,3,4.666666666666667,1.0
455,85,46.497895799999995,9.839242800000001,ziplining,20,4.875,5.2
456,85,46.497895799999995,9.839242800000001,spas,3,3.8333333333333335,2.0
457,85,46.497895799999995,9.839242800000001,massage,1,4.5,2.0
458,85,46.497895799999995,9.839242800000001,tours,4,5.0,1.0
459,86,-8.456018100000001,115.27038551191185,ziplining,7,4.0,10.714285714285714
460,86,-8.456018100000001,115.27038551191185,spas,1,4.5,2.0
461,87,-26.3181415,152.93140931825062,beaches,1,5.0,4.0
462,87,-26.3181415,152.93140931825062,horsebackriding,1,1.0,1.0
463,87,-26.3181415,152.93140931825062,ziplining,20,4.75,6.2
464,87,-26.3181415,152.93140931825062,spas,1,4.5,2.0
465,87,-26.3181415,152.93140931825062,massage,3,5.0,1.0
466,87,-26.3181415,152.93140931825062,tours,5,4.8,1.0
467,88,38.9743901,1.4197463178515335,beaches,20,4.325,2.6
468,88,38.9743901,1.4197463178515335,hiking,1,5.0,3.0
469,88,38.9743901,1.4197463178515335,sailing,1,4.5,6.0
470,88,38.9743901,1.4197463178515335,ziplining,20,4.95,7.85
471,88,38.9743901,1.4197463178515335,spas,2,4.5,1.5
472,88,38.9743901,1.4197463178515335,massage,1,5.0,1.0
473,88,38.9743901,1.4197463178515335,tours,3,4.666666666666667,1.0
474,89,-37.7549851,145.522537,beaches,3,4.833333333333333,2.0
475,89,-37.7549851,145.522537,horsebackriding,3,3.3333333333333335,1.0
476,89,-37.7549851,145.522537,hiking,2,4.0,9.0
477,89,-37.7549851,145.522537,snorkeling,1,5.0,3.0
478,89,-37.7549851,145.522537,ziplining,20,5.0,5.5
479,89,-37.7549851,145.522537,spas,17,3.8823529411764706,1.588235294117647
480,89,-37.7549851,145.522537,massage,18,3.1944444444444446,1.2222222222222223
481,89,-37.7549851,145.522537,tours,8,3.375,1.125
482,90,-20.310115,149.00672307352474,beaches,5,4.6,2.8
483,90,-20.310115,149.00672307352474,hiking,1,5.0,4.0
484,90,-20.310115,149.00672307352474,sailing,2,3.0,1.0
485,90,-20.310115,149.00672307352474,snorkeling,1,5.0,1.0
486,90,-20.310115,149.00672307352474,ziplining,20,4.75,5.55
487,90,-20.310115,149.00672307352474,spas,3,4.166666666666667,1.6666666666666667
488,90,-20.310115,149.00672307352474,tours,5,3.4,2.2
489,91,13.7524938,100.49350890000001,ziplining,1,4.0,9.0
490,93,38.707750700000005,-9.1365919,beaches,20,4.5,2.15
491,93,38.707750700000005,-9.1365919,hiking,7,3.9285714285714284,2.142857142857143
492,93,38.707750700000005,-9.1365919,paddleboarding,2,5.0,1.0
493,93,38.707750700000005,-9.1365919,sailing,6,4.416666666666667,1.5
494,93,38.707750700000005,-9.1365919,snorkeling,1,5.0,1.0
495,93,38.707750700000005,-9.1365919,ziplining,20,5.0,7.1
496,93,38.707750700000005,-9.1365919,spas,9,4.222222222222222,9.11111111111111
497,93,38.707750700000005,-9.1365919,massage,20,4.725,6.7
498,93,38.707750700000005,-9.1365919,tours,20,4.95,7.4
499,94,41.3828939,2.1774322,beaches,20,4.3,9.1
500,94,41.3828939,2.1774322,horsebackriding,2,4.5,1.0
501,94,41.3828939,2.1774322,hiking,4,4.125,2.25
502,94,41.3828939,2.1774322,hot_air_balloons,1,4.5,3.0
503,94,41.3828939,2.1774322,paddleboarding,2,4.5,2.5
504,94,41.3828939,2.1774322,sailing,2,3.0,14.5
505,94,41.3828939,2.1774322,snorkeling,1,5.0,28.0
506,94,41.3828939,2.1774322,ziplining,20,5.0,6.8
507,94,41.3828939,2.1774322,spas,20,4.775,11.75
508,94,41.3828939,2.1774322,massage,20,4.875,13.4
509,94,41.3828939,2.1774322,tours,20,5.0,18.75
510,95,-34.6075682,-58.4370894,beaches,1,1.0,1.0
511,95,-34.6075682,-58.4370894,horsebackriding,1,4.0,3.0
512,95,-34.6075682,-58.4370894,hiking,1,4.5,3.0
513,95,-34.6075682,-58.4370894,sailing,1,5.0,1.0
514,95,-34.6075682,-58.4370894,ziplining,20,5.0,6.85
515,95,-34.6075682,-58.4370894,spas,20,4.55,2.5
516,95,-34.6075682,-58.4370894,massage,20,4.475,1.85
517,95,-34.6075682,-58.4370894,tours,20,4.925,4.1
518,97,19.0785451,72.878176,ziplining,1,5.0,1.0
519,98,41.0091982,28.9662187,beaches,18,3.4722222222222223,2.5
520,98,41.0091982,28.9662187,horsebackriding,10,4.0,1.4
521,98,41.0091982,28.9662187,hiking,3,3.6666666666666665,12.0
522,98,41.0091982,28.9662187,hot_air_balloons,2,4.0,1.5
523,98,41.0091982,28.9662187,ziplining,20,5.0,6.3
524,98,41.0091982,28.9662187,spas,20,4.825,7.9
525,98,41.0091982,28.9662187,massage,19,4.026315789473684,1.4210526315789473
526,98,41.0091982,28.9662187,tours,20,4.95,2.25
527,101,18.788277800000003,98.9858802,ziplining,1,5.0,2.0
528,102,40.416704700000004,-3.7035824999999996,beaches,2,4.75,2.0
529,102,40.416704700000004,-3.7035824999999996,horsebackriding,7,3.5,1.4285714285714286
530,102,40.416704700000004,-3.7035824999999996,hiking,2,4.25,2.5
531,102,40.416704700000004,-3.7035824999999996,ziplining,20,5.0,6.9
532,102,40.416704700000004,-3.7035824999999996,spas,20,4.325,6.45
533,102,40.416704700000004,-3.7035824999999996,massage,20,4.9,5.05
534,102,40.416704700000004,-3.7035824999999996,tours,20,4.925,7.85
535,104,-23.5506507,-46.633382399999995,hiking,8,4.5,2.875
536,104,-23.5506507,-46.633382399999995,ziplining,20,5.0,7.6
537,104,-23.5506507,-46.633382399999995,spas,20,4.975,1.4
538,104,-23.5506507,-46.633382399999995,massage,20,4.95,1.75
539,104,-23.5506507,-46.633382399999995,tours,20,4.425,4.4
540,105,-22.911013699999998,-43.2093727,beaches,20,4.65,13.8
541,105,-22.911013699999998,-43.2093727,hanggliding,2,5.0,1.0
542,105,-22.911013699999998,-43.2093727,hiking,20,4.7,4.55
543,105,-22.911013699999998,-43.2093727,sailing,1,5.0,2.0
544,105,-22.911013699999998,-43.2093727,ziplining,20,5.0,8.95
545,105,-22.911013699999998,-43.2093727,spas,7,3.2142857142857144,2.0
546,105,-22.911013699999998,-43.2093727,massage,13,4.461538461538462,1.2307692307692308
547,105,-22.911013699999998,-43.2093727,tours,20,4.95,7.3
548,107,19.4326296,-99.1331785,horsebackriding,6,4.166666666666667,2.6666666666666665
549,107,19.4326296,-99.1331785,hiking,9,4.777777777777778,2.2222222222222223
550,107,19.4326296,-99.1331785,hot_air_balloons,4,4.875,5.25
551,107,19.4326296,-99.1331785,sailing,1,4.0,1.0
552,107,19.4326296,-99.1331785,snorkeling,2,3.5,1.0
553,107,19.4326296,-99.1331785,ziplining,20,5.0,6.65
554,107,19.4326296,-99.1331785,spas,20,4.825,4.35
555,107,19.4326296,-99.1331785,massage,20,4.825,7.3
556,107,19.4326296,-99.1331785,tours,20,4.95,9.75
557,109,50.0619474,19.9368564,beaches,1,4.0,8.0
558,109,50.0619474,19.9368564,horsebackriding,2,4.5,1.5
559,109,50.0619474,19.9368564,hiking,11,4.2727272727272725,4.7272727272727275
560,109,50.0619474,19.9368564,hot_air_balloons,1,4.0,7.0
561,109,50.0619474,19.9368564,ziplining,20,5.0,8.85
562,109,50.0619474,19.9368564,spas,12,3.75,1.5833333333333333
563,109,50.0619474,19.9368564,massage,20,4.1,1.6
564,109,50.0619474,19.9368564,tours,20,4.9,2.45
565,110,3.1516964,101.6942371,horsebackriding,1,4.0,1.0
566,110,3.1516964,101.6942371,hiking,5,4.2,4.2
567,110,3.1516964,101.6942371,hot_air_balloons,1,3.5,5.0
568,110,3.1516964,101.6942371,ziplining,20,4.9,6.75
569,110,3.1516964,101.6942371,spas,20,4.0,1.95
570,110,3.1516964,101.6942371,massage,20,4.9,2.25
571,110,3.1516964,101.6942371,tours,20,3.825,2.95
572,112,1.2899174999999998,103.8519072,beaches,9,3.7222222222222223,9.222222222222221
573,112,1.2899174999999998,103.8519072,horsebackriding,3,3.1666666666666665,2.0
574,112,1.2899174999999998,103.8519072,hiking,5,4.2,5.0
575,112,1.2899174999999998,103.8519072,sailing,1,3.5,3.0
576,112,1.2899174999999998,103.8519072,ziplining,20,5.0,10.6
577,112,1.2899174999999998,103.8519072,spas,20,4.9,5.2
578,112,1.2899174999999998,103.8519072,massage,20,4.7,4.95
579,112,1.2899174999999998,103.8519072,tours,20,3.65,4.7
580,114,50.0874654,14.4212535,beaches,11,3.727272727272727,2.8181818181818183
581,114,50.0874654,14.4212535,horsebackriding,4,4.5,2.0
582,114,50.0874654,14.4212535,hiking,20,4.5,3.2
583,114,50.0874654,14.4212535,hot_air_balloons,4,4.25,1.0
584,114,50.0874654,14.4212535,paddleboarding,1,5.0,1.0
585,114,50.0874654,14.4212535,ziplining,20,5.0,6.25
586,114,50.0874654,14.4212535,spas,20,4.425,4.4
587,114,50.0874654,14.4212535,massage,20,4.825,3.75
588,114,50.0874654,14.4212535,tours,20,4.9,14.55
589,115,13.3617562,103.8590321,ziplining,5,4.5,2.6
590,116,41.1494512,-8.6107884,beaches,2,4.75,1.5
591,116,41.1494512,-8.6107884,ziplining,20,5.0,7.55
592,116,41.1494512,-8.6107884,spas,1,3.5,20.0
593,116,41.1494512,-8.6107884,massage,2,4.5,2.5
594,116,41.1494512,-8.6107884,tours,20,4.975,3.5
595,117,39.4697065,-0.3763353,beaches,20,4.575,4.9
596,117,39.4697065,-0.3763353,horsebackriding,1,5.0,1.0
597,117,39.4697065,-0.3763353,hiking,3,3.1666666666666665,1.3333333333333333
598,117,39.4697065,-0.3763353,parasailing,1,1.0,1.0
599,117,39.4697065,-0.3763353,sailing,1,5.0,1.0
600,117,39.4697065,-0.3763353,ziplining,20,5.0,6.35
601,117,39.4697065,-0.3763353,spas,15,3.7,2.4
602,117,39.4697065,-0.3763353,massage,20,4.475,1.85
603,117,39.4697065,-0.3763353,tours,20,4.375,2.4
604,119,34.0536909,-118.24276599999999,beaches,20,4.725,26.3
605,119,34.0536909,-118.24276599999999,hanggliding,4,5.0,30.5
606,119,34.0536909,-118.24276599999999,horsebackriding,20,5.0,8.75
607,119,34.0536909,-118.24276599999999,hiking,20,5.0,21.75
608,119,34.0536909,-118.24276599999999,hot_air_balloons,2,3.75,68.5
609,119,34.0536909,-118.24276599999999,paddleboarding,20,5.0,31.0
610,119,34.0536909,-118.24276599999999,parasailing,3,4.0,294.3333333333333
611,119,34.0536909,-118.24276599999999,sailing,20,4.975,30.75
612,119,34.0536909,-118.24276599999999,snorkeling,8,4.375,47.75
613,119,34.0536909,-118.24276599999999,ziplining,20,5.0,7.35
614,119,34.0536909,-118.24276599999999,spas,20,5.0,18.3
615,119,34.0536909,-118.24276599999999,massage,20,5.0,12.15
616,119,34.0536909,-118.24276599999999,tours,20,5.0,15.0
617,122,22.2793278,114.16281310000001,beaches,20,4.65,3.8
618,122,22.2793278,114.16281310000001,horsebackriding,4,4.625,1.5
619,122,22.2793278,114.16281310000001,hiking,20,4.7,7.6
620,122,22.2793278,114.16281310000001,sailing,5,4.6,1.0
621,122,22.2793278,114.16281310000001,ziplining,20,5.0,7.05
622,122,22.2793278,114.16281310000001,spas,20,4.2,2.3
623,122,22.2793278,114.16281310000001,massage,20,4.625,8.15
624,122,22.2793278,114.16281310000001,tours,20,4.575,4.75
625,125,36.1672559,-115.14851599999999,horsebackriding,20,4.25,24.15
626,125,36.1672559,-115.14851599999999,hiking,20,5.0,29.85
627,125,36.1672559,-115.14851599999999,hot_air_balloons,2,4.25,71.5
628,125,36.1672559,-115.14851599999999,paddleboarding,8,4.5625,163.875
629,125,36.1672559,-115.14851599999999,sailing,1,5.0,5.0
630,125,36.1672559,-115.14851599999999,ziplining,20,5.0,9.65
631,125,36.1672559,-115.14851599999999,spas,20,5.0,38.6
632,125,36.1672559,-115.14851599999999,massage,20,5.0,8.6
633,125,36.1672559,-115.14851599999999,tours,20,5.0,22.15
634,126,-33.4377756,-70.6504502,beaches,1,3.5,3.0
635,126,-33.4377756,-70.6504502,horsebackriding,1,5.0,4.0
636,126,-33.4377756,-70.6504502,hiking,14,4.178571428571429,3.142857142857143
637,126,-33.4377756,-70.6504502,ziplining,20,5.0,7.95
638,126,-33.4377756,-70.6504502,spas,10,4.5,1.0
639,126,-33.4377756,-70.6504502,massage,20,4.325,1.05
640,126,-33.4377756,-70.6504502,tours,16,4.0625,4.5625
641,127,37.779026200000004,-122.41990600000001,beaches,20,4.8,112.25
642,127,37.779026200000004,-122.41990600000001,hanggliding,5,4.8,29.8
643,127,37.779026200000004,-122.41990600000001,horsebackriding,20,4.85,17.45
644,127,37.779026200000004,-122.41990600000001,hiking,20,5.0,21.85
645,127,37.779026200000004,-122.41990600000001,hot_air_balloons,2,4.75,285.0
646,127,37.779026200000004,-122.41990600000001,paddleboarding,20,4.775,50.95
647,127,37.779026200000004,-122.41990600000001,parasailing,2,4.5,29.5
648,127,37.779026200000004,-122.41990600000001,sailing,20,4.85,24.25
649,127,37.779026200000004,-122.41990600000001,snorkeling,2,5.0,71.0
650,127,37.779026200000004,-122.41990600000001,ziplining,20,5.0,12.5
651,127,37.779026200000004,-122.41990600000001,spas,20,5.0,12.95
652,127,37.779026200000004,-122.41990600000001,massage,20,5.0,12.65
653,127,37.779026200000004,-122.41990600000001,tours,20,5.0,14.65
654,128,52.517036499999996,13.388859900000002,beaches,20,3.95,10.5
655,128,52.517036499999996,13.388859900000002,horsebackriding,20,4.775,1.65
656,128,52.517036499999996,13.388859900000002,hiking,10,4.4,3.1
657,128,52.517036499999996,13.388859900000002,hot_air_balloons,4,4.625,5.0
658,128,52.517036499999996,13.388859900000002,paddleboarding,2,4.75,1.5
659,128,52.517036499999996,13.388859900000002,sailing,20,4.5,3.55
660,128,52.517036499999996,13.388859900000002,ziplining,20,5.0,6.15
661,128,52.517036499999996,13.388859900000002,spas,20,4.625,11.4
662,128,52.517036499999996,13.388859900000002,massage,20,5.0,9.15
663,128,52.517036499999996,13.388859900000002,tours,20,5.0,17.6
664,129,35.68405739999999,139.77449119999997,beaches,4,4.5,2.75
665,129,35.68405739999999,139.77449119999997,horsebackriding,5,3.2,2.8
666,129,35.68405739999999,139.77449119999997,hiking,4,4.0,2.0
667,129,35.68405739999999,139.77449119999997,sailing,4,4.25,1.0
668,129,35.68405739999999,139.77449119999997,ziplining,20,5.0,5.75
669,129,35.68405739999999,139.77449119999997,spas,20,4.775,3.8
670,129,35.68405739999999,139.77449119999997,hotsprings,20,4.7,8.4
671,129,35.68405739999999,139.77449119999997,massage,20,4.825,6.95
672,129,35.68405739999999,139.77449119999997,tours,20,4.95,16.7
673,130,41.875561600000005,-87.6244212,beaches,20,4.475,29.85
674,130,41.875561600000005,-87.6244212,horsebackriding,20,4.175,18.8
675,130,41.875561600000005,-87.6244212,hiking,20,4.675,58.4
676,130,41.875561600000005,-87.6244212,hot_air_balloons,2,1.0,2.0
677,130,41.875561600000005,-87.6244212,paddleboarding,8,4.3125,21.0
678,130,41.875561600000005,-87.6244212,sailing,17,4.5588235294117645,7.764705882352941
679,130,41.875561600000005,-87.6244212,snorkeling,2,4.25,69.0
680,130,41.875561600000005,-87.6244212,ziplining,20,5.0,8.15
681,130,41.875561600000005,-87.6244212,spas,20,5.0,10.85
682,130,41.875561600000005,-87.6244212,massage,20,5.0,8.3
683,130,41.875561600000005,-87.6244212,tours,20,5.0,23.65
684,132,48.2083537,16.372504199999998,beaches,4,3.875,2.0
685,132,48.2083537,16.372504199999998,horsebackriding,15,3.466666666666667,4.066666666666666
686,132,48.2083537,16.372504199999998,hiking,20,4.95,2.7
687,132,48.2083537,16.372504199999998,sailing,2,4.75,7.0
688,132,48.2083537,16.372504199999998,ziplining,20,5.0,7.25
689,132,48.2083537,16.372504199999998,spas,13,3.9615384615384617,2.3076923076923075
690,132,48.2083537,16.372504199999998,massage,20,4.925,2.8
691,132,48.2083537,16.372504199999998,tours,20,4.9,3.3
692,133,40.7127281,-74.0060152,beaches,20,4.425,29.8
693,133,40.7127281,-74.0060152,hanggliding,1,4.5,7.0
694,133,40.7127281,-74.0060152,horsebackriding,20,4.725,10.6
695,133,40.7127281,-74.0060152,hiking,20,4.8,23.4
696,133,40.7127281,-74.0060152,hot_air_balloons,2,5.0,1.0
697,133,40.7127281,-74.0060152,paddleboarding,20,4.825,21.65
698,133,40.7127281,-74.0060152,sailing,20,4.85,29.75
699,133,40.7127281,-74.0060152,snorkeling,2,3.75,103.5
700,133,40.7127281,-74.0060152,ziplining,20,5.0,7.9
701,133,40.7127281,-74.0060152,spas,20,5.0,10.45
702,133,40.7127281,-74.0060152,massage,20,5.0,7.6
703,133,40.7127281,-74.0060152,tours,20,5.0,7.75
704,135,36.7213028,-4.421636599999999,beaches,20,4.1,2.4
705,135,36.7213028,-4.421636599999999,horsebackriding,3,4.666666666666667,1.0
706,135,36.7213028,-4.421636599999999,hiking,1,4.5,17.0
707,135,36.7213028,-4.421636599999999,ziplining,20,5.0,9.9
708,135,36.7213028,-4.421636599999999,spas,2,4.25,5.5
709,135,36.7213028,-4.421636599999999,massage,1,5.0,1.0
710,135,36.7213028,-4.421636599999999,tours,16,4.34375,3.0
711,137,29.7589382,-95.36769740000001,beaches,5,3.0,24.6
712,137,29.7589382,-95.36769740000001,horsebackriding,20,4.775,17.9
713,137,29.7589382,-95.36769740000001,hiking,20,4.5,19.5
714,137,29.7589382,-95.36769740000001,hot_air_balloons,1,1.5,6.0
715,137,29.7589382,-95.36769740000001,paddleboarding,10,3.95,36.7
716,137,29.7589382,-95.36769740000001,sailing,10,4.25,4.3
717,137,29.7589382,-95.36769740000001,snorkeling,5,4.5,7.6
718,137,29.7589382,-95.36769740000001,ziplining,20,5.0,7.8
719,137,29.7589382,-95.36769740000001,spas,20,5.0,20.05
720,137,29.7589382,-95.36769740000001,massage,20,5.0,8.95
721,137,29.7589382,-95.36769740000001,tours,20,4.925,12.7
722,138,37.388630299999996,-5.9953403,horsebackriding,3,3.8333333333333335,2.0
723,138,37.388630299999996,-5.9953403,hiking,1,4.5,3.0
724,138,37.388630299999996,-5.9953403,ziplining,20,5.0,9.0
725,138,37.388630299999996,-5.9953403,spas,11,4.136363636363637,9.545454545454545
726,138,37.388630299999996,-5.9953403,massage,20,4.45,5.6
727,138,37.388630299999996,-5.9953403,tours,20,4.875,2.0
728,139,25.7741728,-80.19362,beaches,20,4.6,60.2
729,139,25.7741728,-80.19362,hanggliding,1,3.0,2.0
730,139,25.7741728,-80.19362,horsebackriding,20,4.8,22.5
731,139,25.7741728,-80.19362,hiking,5,4.6,9.2
732,139,25.7741728,-80.19362,hot_air_balloons,1,3.5,14.0
733,139,25.7741728,-80.19362,paddleboarding,20,4.875,36.4
734,139,25.7741728,-80.19362,parasailing,20,3.925,25.55
735,139,25.7741728,-80.19362,sailing,20,4.825,27.3
736,139,25.7741728,-80.19362,snorkeling,20,4.35,39.35
737,139,25.7741728,-80.19362,ziplining,20,4.95,6.85
738,139,25.7741728,-80.19362,spas,20,5.0,15.25
739,139,25.7741728,-80.19362,massage,20,5.0,9.4
740,139,25.7741728,-80.19362,tours,20,5.0,12.7
741,140,-33.8698439,151.20828480000003,beaches,20,4.65,24.2
742,140,-33.8698439,151.20828480000003,hanggliding,1,5.0,1.0
743,140,-33.8698439,151.20828480000003,horsebackriding,7,3.4285714285714284,1.7142857142857142
744,140,-33.8698439,151.20828480000003,hiking,12,4.083333333333333,10.25
745,140,-33.8698439,151.20828480000003,hot_air_balloons,2,4.5,1.0
746,140,-33.8698439,151.20828480000003,sailing,3,2.8333333333333335,1.6666666666666667
747,140,-33.8698439,151.20828480000003,ziplining,20,5.0,5.75
748,140,-33.8698439,151.20828480000003,spas,20,4.875,3.0
749,140,-33.8698439,151.20828480000003,massage,20,4.925,2.35
750,140,-33.8698439,151.20828480000003,tours,20,4.85,15.05
751,142,25.037519800000002,121.56367959999999,beaches,7,4.214285714285714,2.7142857142857144
752,142,25.037519800000002,121.56367959999999,hiking,20,4.75,8.05
753,142,25.037519800000002,121.56367959999999,ziplining,20,5.0,7.2
754,142,25.037519800000002,121.56367959999999,spas,20,4.425,4.85
755,142,25.037519800000002,121.56367959999999,hotsprings,17,4.235294117647059,3.823529411764706
756,142,25.037519800000002,121.56367959999999,massage,20,4.625,9.45
757,142,25.037519800000002,121.56367959999999,tours,20,4.375,2.45
758,143,41.8933203,12.4829321,beaches,20,4.35,3.55
759,143,41.8933203,12.4829321,hanggliding,1,5.0,2.0
760,143,41.8933203,12.4829321,horsebackriding,11,4.090909090909091,1.8181818181818181
761,143,41.8933203,12.4829321,hiking,5,4.4,1.2
762,143,41.8933203,12.4829321,ziplining,20,5.0,8.55
763,143,41.8933203,12.4829321,spas,20,4.725,6.3
764,143,41.8933203,12.4829321,massage,20,4.75,7.7
765,143,41.8933203,12.4829321,tours,20,5.0,14.1
766,144,37.0162727,-7.9351771,beaches,11,4.454545454545454,2.090909090909091
767,144,37.0162727,-7.9351771,horsebackriding,1,5.0,2.0
768,144,37.0162727,-7.9351771,ziplining,20,4.975,6.35
769,144,37.0162727,-7.9351771,spas,1,5.0,1.0
770,144,37.0162727,-7.9351771,massage,1,5.0,1.0
771,144,37.0162727,-7.9351771,tours,12,4.041666666666667,1.25
772,145,34.6937569,135.5014539,beaches,3,3.6666666666666665,3.0
773,145,34.6937569,135.5014539,horsebackriding,3,4.333333333333333,4.666666666666667
774,145,34.6937569,135.5014539,hiking,20,4.25,8.5
775,145,34.6937569,135.5014539,sailing,1,4.0,1.0
776,145,34.6937569,135.5014539,ziplining,20,5.0,8.45
777,145,34.6937569,135.5014539,spas,20,4.825,2.25
778,145,34.6937569,135.5014539,hotsprings,20,4.775,5.4
779,145,34.6937569,135.5014539,massage,20,4.925,4.25
780,145,34.6937569,135.5014539,tours,20,4.75,5.1
781,149,33.448436699999995,-112.074141,horsebackriding,20,4.775,44.85
782,149,33.448436699999995,-112.074141,hiking,20,4.85,39.3
783,149,33.448436699999995,-112.074141,hot_air_balloons,12,4.458333333333333,56.5
784,149,33.448436699999995,-112.074141,paddleboarding,14,4.571428571428571,36.857142857142854
785,149,33.448436699999995,-112.074141,sailing,2,3.0,5.5
786,149,33.448436699999995,-112.074141,ziplining,20,5.0,9.8
787,149,33.448436699999995,-112.074141,spas,20,5.0,12.0
788,149,33.448436699999995,-112.074141,massage,20,5.0,8.1
789,149,33.448436699999995,-112.074141,tours,20,5.0,15.4
790,150,-12.0621065,-77.03652559999999,ziplining,2,4.5,3.5
791,151,45.50318239999999,-73.5698065,beaches,5,3.9,3.4
792,151,45.50318239999999,-73.5698065,hiking,5,4.7,6.6
793,151,45.50318239999999,-73.5698065,paddleboarding,2,4.75,4.0
794,151,45.50318239999999,-73.5698065,sailing,1,1.0,1.0
795,151,45.50318239999999,-73.5698065,ziplining,20,5.0,6.95
796,151,45.50318239999999,-73.5698065,spas,20,4.775,8.1
797,151,45.50318239999999,-73.5698065,massage,20,4.75,6.95
798,151,45.50318239999999,-73.5698065,tours,20,4.8,24.45
799,152,52.2319581,21.0067249,beaches,10,3.75,3.2
800,152,52.2319581,21.0067249,horsebackriding,3,4.0,3.3333333333333335
801,152,52.2319581,21.0067249,hiking,5,4.4,2.8
802,152,52.2319581,21.0067249,ziplining,20,5.0,9.95
803,152,52.2319581,21.0067249,spas,15,4.266666666666667,1.6
804,152,52.2319581,21.0067249,massage,20,4.8,1.85
805,152,52.2319581,21.0067249,tours,11,4.0,1.1818181818181819
806,155,48.8534951,2.3483915,beaches,3,4.166666666666667,13.333333333333334
807,155,48.8534951,2.3483915,horsebackriding,20,4.95,1.3
808,155,48.8534951,2.3483915,hiking,6,4.083333333333333,1.1666666666666667
809,155,48.8534951,2.3483915,hot_air_balloons,3,4.333333333333333,5.333333333333333
810,155,48.8534951,2.3483915,ziplining,20,5.0,6.4
811,155,48.8534951,2.3483915,spas,20,4.875,8.35
812,155,48.8534951,2.3483915,massage,20,4.9,7.7
813,155,48.8534951,2.3483915,tours,20,5.0,18.4
814,156,43.6534817,-79.38393470000001,beaches,14,4.321428571428571,22.5
815,156,43.6534817,-79.38393470000001,horsebackriding,14,3.357142857142857,4.642857142857143
816,156,43.6534817,-79.38393470000001,hiking,17,4.235294117647059,3.3529411764705883
817,156,43.6534817,-79.38393470000001,paddleboarding,5,4.8,8.2
818,156,43.6534817,-79.38393470000001,parasailing,1,5.0,1.0
819,156,43.6534817,-79.38393470000001,sailing,12,4.083333333333333,3.0833333333333335
820,156,43.6534817,-79.38393470000001,snorkeling,2,2.0,2.0
821,156,43.6534817,-79.38393470000001,ziplining,20,5.0,6.75
822,156,43.6534817,-79.38393470000001,spas,20,4.7,15.4
823,156,43.6534817,-79.38393470000001,massage,20,5.0,8.5
824,156,43.6534817,-79.38393470000001,tours,20,4.8,18.75
825,159,43.769871200000004,11.2555757,beaches,3,4.166666666666667,3.0
826,159,43.769871200000004,11.2555757,horsebackriding,8,4.5,2.125
827,159,43.769871200000004,11.2555757,hiking,3,4.333333333333333,2.0
828,159,43.769871200000004,11.2555757,hot_air_balloons,1,5.0,1.0
829,159,43.769871200000004,11.2555757,sailing,1,4.0,2.0
830,159,43.769871200000004,11.2555757,ziplining,20,5.0,7.25
831,159,43.769871200000004,11.2555757,spas,19,4.368421052631579,6.0
832,159,43.769871200000004,11.2555757,massage,20,4.625,8.65
833,159,43.769871200000004,11.2555757,tours,20,5.0,17.8
834,160,17.0604663,-96.7253575,beaches,1,4.5,6.0
835,160,17.0604663,-96.7253575,horsebackriding,2,3.5,1.0
836,160,17.0604663,-96.7253575,hiking,6,4.666666666666667,1.3333333333333333
837,160,17.0604663,-96.7253575,ziplining,20,5.0,10.6
838,160,17.0604663,-96.7253575,spas,6,4.583333333333333,4.5
839,160,17.0604663,-96.7253575,massage,12,4.416666666666667,4.5
840,160,17.0604663,-96.7253575,tours,20,4.65,4.05
841,161,53.40719910000001,-2.99168,beaches,13,4.115384615384615,4.3076923076923075
842,161,53.40719910000001,-2.99168,horsebackriding,14,4.071428571428571,2.4285714285714284
843,161,53.40719910000001,-2.99168,hiking,5,4.2,1.8
844,161,53.40719910000001,-2.99168,sailing,1,5.0,1.0
845,161,53.40719910000001,-2.99168,ziplining,20,5.0,7.3
846,161,53.40719910000001,-2.99168,spas,14,3.2857142857142856,2.5714285714285716
847,161,53.40719910000001,-2.99168,massage,20,4.55,1.2
848,161,53.40719910000001,-2.99168,tours,20,4.825,6.55
849,162,29.9759983,-90.0782127,beaches,1,2.5,2.0
850,162,29.9759983,-90.0782127,horsebackriding,7,4.0,4.285714285714286
851,162,29.9759983,-90.0782127,hiking,6,4.166666666666667,15.666666666666666
852,162,29.9759983,-90.0782127,paddleboarding,6,4.5,35.166666666666664
853,162,29.9759983,-90.0782127,sailing,2,4.75,7.5
854,162,29.9759983,-90.0782127,ziplining,20,5.0,8.0
855,162,29.9759983,-90.0782127,spas,20,4.725,19.5
856,162,29.9759983,-90.0782127,massage,20,4.95,33.95
857,162,29.9759983,-90.0782127,tours,20,5.0,10.95
858,163,38.89503679999999,-77.0365427,beaches,6,2.3333333333333335,2.0
859,163,38.89503679999999,-77.0365427,horsebackriding,20,4.75,14.45
860,163,38.89503679999999,-77.0365427,hiking,20,4.675,25.35
861,163,38.89503679999999,-77.0365427,paddleboarding,19,4.2894736842105265,37.68421052631579
862,163,38.89503679999999,-77.0365427,sailing,10,4.65,11.7
863,163,38.89503679999999,-77.0365427,ziplining,20,5.0,10.2
864,163,38.89503679999999,-77.0365427,spas,20,5.0,21.1
865,163,38.89503679999999,-77.0365427,massage,20,5.0,8.85
866,163,38.89503679999999,-77.0365427,tours,20,5.0,10.0
867,168,35.021041,135.7556075,horsebackriding,2,4.0,6.5
868,168,35.021041,135.7556075,hiking,14,4.178571428571429,11.142857142857142
869,168,35.021041,135.7556075,sailing,1,4.0,1.0
870,168,35.021041,135.7556075,ziplining,20,5.0,7.1
871,168,35.021041,135.7556075,spas,20,4.825,1.85
872,168,35.021041,135.7556075,hotsprings,20,4.575,5.6
873,168,35.021041,135.7556075,massage,20,4.975,4.0
874,168,35.021041,135.7556075,tours,20,4.85,4.5
875,169,53.550341,10.000653999999999,beaches,19,4.131578947368421,10.631578947368421
876,169,53.550341,10.000653999999999,horsebackriding,20,4.95,2.2
877,169,53.550341,10.000653999999999,hiking,20,4.85,4.5
878,169,53.550341,10.000653999999999,hot_air_balloons,3,4.333333333333333,6.0
879,169,53.550341,10.000653999999999,paddleboarding,1,3.0,5.0
880,169,53.550341,10.000653999999999,sailing,14,4.285714285714286,3.7857142857142856
881,169,53.550341,10.000653999999999,ziplining,20,5.0,7.4
882,169,53.550341,10.000653999999999,spas,20,4.775,7.9
883,169,53.550341,10.000653999999999,massage,20,5.0,8.0
884,169,53.550341,10.000653999999999,tours,20,4.8,9.6
885,170,40.8358846,14.2487679,beaches,20,4.8,3.85
886,170,40.8358846,14.2487679,horsebackriding,4,3.5,2.5
887,170,40.8358846,14.2487679,hiking,16,4.84375,4.0625
888,170,40.8358846,14.2487679,sailing,3,5.0,2.0
889,170,40.8358846,14.2487679,snorkeling,1,5.0,1.0
890,170,40.8358846,14.2487679,ziplining,20,5.0,7.1
891,170,40.8358846,14.2487679,spas,20,4.65,5.0
892,170,40.8358846,14.2487679,massage,20,4.7,2.45
893,170,40.8358846,14.2487679,tours,20,4.9,10.1
894,171,49.2608724,-123.113952,beaches,20,4.425,21.7
895,171,49.2608724,-123.113952,horsebackriding,20,4.65,3.5
896,171,49.2608724,-123.113952,hiking,20,4.625,24.9
897,171,49.2608724,-123.113952,paddleboarding,4,4.25,13.25
898,171,49.2608724,-123.113952,sailing,5,4.5,3.4
899,171,49.2608724,-123.113952,snorkeling,2,5.0,4.0
900,171,49.2608724,-123.113952,ziplining,20,5.0,6.65
901,171,49.2608724,-123.113952,spas,20,4.8,24.3
902,171,49.2608724,-123.113952,massage,20,5.0,9.3
903,171,49.2608724,-123.113952,tours,20,4.95,30.3
904,172,45.464194299999996,9.1896346,horsebackriding,1,4.5,4.0
905,172,45.464194299999996,9.1896346,ziplining,20,5.0,6.75
906,172,45.464194299999996,9.1896346,spas,20,4.425,5.4
907,172,45.464194299999996,9.1896346,massage,20,4.875,4.3
908,172,45.464194299999996,9.1896346,tours,16,3.8125,1.875
909,175,45.5202471,-122.674194,beaches,12,3.625,8.583333333333334
910,175,45.5202471,-122.674194,horsebackriding,20,4.925,6.05
911,175,45.5202471,-122.674194,hiking,20,4.725,30.65
912,175,45.5202471,-122.674194,hot_air_balloons,2,5.0,48.5
913,175,45.5202471,-122.674194,paddleboarding,16,4.59375,33.375
914,175,45.5202471,-122.674194,sailing,3,4.5,23.0
915,175,45.5202471,-122.674194,snorkeling,1,5.0,28.0
916,175,45.5202471,-122.674194,ziplining,20,5.0,9.55
917,175,45.5202471,-122.674194,spas,20,5.0,38.15
918,175,45.5202471,-122.674194,massage,20,5.0,10.75
919,175,45.5202471,-122.674194,tours,20,5.0,12.9
920,176,43.511638299999994,16.4399659,beaches,1,3.5,2.0
921,176,43.511638299999994,16.4399659,ziplining,1,3.5,2.0
922,178,21.1617854,-86.8510468,beaches,20,4.525,15.15
923,178,21.1617854,-86.8510468,horsebackriding,1,4.0,2.0
924,178,21.1617854,-86.8510468,hiking,2,4.0,3.5
925,178,21.1617854,-86.8510468,paddleboarding,2,5.0,1.5
926,178,21.1617854,-86.8510468,parasailing,1,5.0,1.0
927,178,21.1617854,-86.8510468,sailing,4,4.75,15.75
928,178,21.1617854,-86.8510468,snorkeling,20,4.775,23.7
929,178,21.1617854,-86.8510468,ziplining,20,5.0,16.2
930,178,21.1617854,-86.8510468,spas,20,4.8,20.35
931,178,21.1617854,-86.8510468,massage,20,4.825,24.6
932,178,21.1617854,-86.8510468,tours,20,5.0,24.6
933,179,50.8465573,4.351697,beaches,1,4.0,3.0
934,179,50.8465573,4.351697,hanggliding,1,4.5,3.0
935,179,50.8465573,4.351697,horsebackriding,11,3.8636363636363638,1.3636363636363635
936,179,50.8465573,4.351697,hiking,11,4.363636363636363,3.1818181818181817
937,179,50.8465573,4.351697,ziplining,20,5.0,6.5
938,179,50.8465573,4.351697,spas,20,4.675,7.65
939,179,50.8465573,4.351697,massage,20,4.85,5.85
940,179,50.8465573,4.351697,tours,20,4.35,6.5
941,181,53.349379500000005,-6.2605593,beaches,20,4.45,6.0
942,181,53.349379500000005,-6.2605593,horsebackriding,11,3.5,2.272727272727273
943,181,53.349379500000005,-6.2605593,hiking,16,4.375,3.9375
944,181,53.349379500000005,-6.2605593,sailing,2,2.75,1.5
945,181,53.349379500000005,-6.2605593,ziplining,20,5.0,8.0
946,181,53.349379500000005,-6.2605593,spas,20,4.775,7.6
947,181,53.349379500000005,-6.2605593,massage,20,4.75,8.9
948,181,53.349379500000005,-6.2605593,tours,20,4.8,23.6
949,183,45.75781370000001,4.8320114,horsebackriding,5,4.1,1.6
950,183,45.75781370000001,4.8320114,hiking,7,3.857142857142857,1.1428571428571428
951,183,45.75781370000001,4.8320114,sailing,1,4.0,1.0
952,183,45.75781370000001,4.8320114,ziplining,20,5.0,7.65
953,183,45.75781370000001,4.8320114,spas,20,4.725,9.55
954,183,45.75781370000001,4.8320114,massage,20,4.9,6.95
955,183,45.75781370000001,4.8320114,tours,20,4.475,4.3
956,184,39.569581799999995,2.6500745,beaches,20,4.5,2.35
957,184,39.569581799999995,2.6500745,hiking,1,5.0,4.0
958,184,39.569581799999995,2.6500745,paddleboarding,2,4.5,1.5
959,184,39.569581799999995,2.6500745,sailing,1,5.0,1.0
960,184,39.569581799999995,2.6500745,ziplining,20,5.0,7.4
961,184,39.569581799999995,2.6500745,spas,6,3.3333333333333335,1.5
962,184,39.569581799999995,2.6500745,massage,13,4.230769230769231,1.3846153846153846
963,184,39.569581799999995,2.6500745,tours,12,4.375,1.5
964,185,-36.852095,174.76318030000002,beaches,20,4.7,5.85
965,185,-36.852095,174.76318030000002,horsebackriding,6,4.5,1.3333333333333333
966,185,-36.852095,174.76318030000002,hiking,12,4.125,4.333333333333333
967,185,-36.852095,174.76318030000002,paddleboarding,3,3.8333333333333335,3.0
968,185,-36.852095,174.76318030000002,sailing,7,3.642857142857143,1.7142857142857142
969,185,-36.852095,174.76318030000002,ziplining,20,5.0,9.4
970,185,-36.852095,174.76318030000002,spas,20,4.65,3.2
971,185,-36.852095,174.76318030000002,massage,20,4.725,3.5
972,185,-36.852095,174.76318030000002,tours,20,4.7,5.05
973,187,51.5073359,-0.12765,beaches,2,5.0,2.0
974,187,51.5073359,-0.12765,horsebackriding,20,4.8,3.7
975,187,51.5073359,-0.12765,hiking,8,3.9375,1.125
976,187,51.5073359,-0.12765,hot_air_balloons,1,5.0,1.0
977,187,51.5073359,-0.12765,sailing,1,4.0,1.0
978,187,51.5073359,-0.12765,ziplining,20,5.0,6.65
979,187,51.5073359,-0.12765,spas,20,4.8,6.65
980,187,51.5073359,-0.12765,massage,20,4.775,6.05
981,187,51.5073359,-0.12765,tours,20,5.0,22.2
982,188,59.3251172,18.0710935,beaches,20,4.075,2.6
983,188,59.3251172,18.0710935,horsebackriding,7,3.7142857142857144,1.7142857142857142
984,188,59.3251172,18.0710935,hiking,4,4.625,1.75
985,188,59.3251172,18.0710935,sailing,1,1.0,1.0
986,188,59.3251172,18.0710935,ziplining,20,5.0,10.5
987,188,59.3251172,18.0710935,spas,20,4.225,5.65
988,188,59.3251172,18.0710935,massage,20,4.85,3.15
989,188,59.3251172,18.0710935,tours,20,4.55,5.55
990,189,14.5948914,120.9782618,hiking,4,4.875,1.75
991,189,14.5948914,120.9782618,sailing,2,4.5,5.5
992,189,14.5948914,120.9782618,ziplining,20,5.0,7.1
993,189,14.5948914,120.9782618,spas,20,4.775,3.7
994,189,14.5948914,120.9782618,massage,20,4.625,5.6
995,189,14.5948914,120.9782618,tours,19,4.315789473684211,2.5789473684210527
996,190,39.7837304,-100.445882,ziplining,9,4.666666666666667,3.3333333333333335
997,191,48.1371079,11.575382199999998,beaches,9,4.277777777777778,3.7777777777777777
998,191,48.1371079,11.575382199999998,horsebackriding,15,3.966666666666667,2.2666666666666666
999,191,48.1371079,11.575382199999998,hiking,12,4.333333333333333,2.5
1000,191,48.1371079,11.575382199999998,hot_air_balloons,2,5.0,1.0
1001,191,48.1371079,11.575382199999998,sailing,6,4.083333333333333,2.0
1002,191,48.1371079,11.575382199999998,ziplining,20,5.0,6.1
1003,191,48.1371079,11.575382199999998,spas,20,4.5,21.05
1004,191,48.1371079,11.575382199999998,massage,20,5.0,5.4
1005,191,48.1371079,11.575382199999998,tours,20,4.775,17.25
1006,192,42.355433399999995,-71.060511,beaches,20,4.5,50.4
1007,192,42.355433399999995,-71.060511,horsebackriding,20,4.85,8.1
1008,192,42.355433399999995,-71.060511,hiking,20,4.775,21.05
1009,192,42.355433399999995,-71.060511,hot_air_balloons,1,1.0,1.0
1010,192,42.355433399999995,-71.060511,paddleboarding,20,4.675,18.95
1011,192,42.355433399999995,-71.060511,sailing,15,4.633333333333334,15.0
1012,192,42.355433399999995,-71.060511,snorkeling,2,4.5,54.5
1013,192,42.355433399999995,-71.060511,ziplining,20,5.0,9.65
1014,192,42.355433399999995,-71.060511,spas,20,5.0,18.65
1015,192,42.355433399999995,-71.060511,massage,20,5.0,8.8
1016,192,42.355433399999995,-71.060511,tours,20,5.0,29.8
1017,193,51.0460954,-114.06546499999999,beaches,2,4.0,2.0
1018,193,51.0460954,-114.06546499999999,horsebackriding,5,2.8,1.8
1019,193,51.0460954,-114.06546499999999,hiking,4,4.875,2.5
1020,193,51.0460954,-114.06546499999999,sailing,2,3.5,1.5
1021,193,51.0460954,-114.06546499999999,ziplining,20,5.0,8.0
1022,193,51.0460954,-114.06546499999999,spas,20,4.6,8.45
1023,193,51.0460954,-114.06546499999999,massage,20,4.725,7.45
1024,193,51.0460954,-114.06546499999999,tours,20,4.525,5.3
1025,194,43.2961743,5.3699525,beaches,20,4.6,9.95
1026,194,43.2961743,5.3699525,horsebackriding,17,3.735294117647059,2.176470588235294
1027,194,43.2961743,5.3699525,hiking,20,4.625,6.4
1028,194,43.2961743,5.3699525,paddleboarding,2,5.0,1.0
1029,194,43.2961743,5.3699525,sailing,1,5.0,4.0
1030,194,43.2961743,5.3699525,snorkeling,1,5.0,1.0
1031,194,43.2961743,5.3699525,ziplining,20,5.0,8.1
1032,194,43.2961743,5.3699525,spas,20,4.6,5.45
1033,194,43.2961743,5.3699525,massage,20,4.9,3.55
1034,194,43.2961743,5.3699525,tours,20,4.475,4.8
1035,195,50.938361,6.959974000000001,beaches,18,4.361111111111111,8.944444444444445
1036,195,50.938361,6.959974000000001,horsebackriding,20,4.7,1.25
1037,195,50.938361,6.959974000000001,hiking,20,4.8,5.6
1038,195,50.938361,6.959974000000001,hot_air_balloons,3,3.5,3.3333333333333335
1039,195,50.938361,6.959974000000001,sailing,7,4.357142857142857,2.142857142857143
1040,195,50.938361,6.959974000000001,ziplining,20,5.0,6.25
1041,195,50.938361,6.959974000000001,spas,20,4.625,26.85
1042,195,50.938361,6.959974000000001,massage,20,4.9,7.1
1043,195,50.938361,6.959974000000001,tours,20,4.85,10.75
1044,196,52.373079600000004,4.892453400000001,beaches,13,4.115384615384615,3.923076923076923
1045,196,52.373079600000004,4.892453400000001,horsebackriding,10,4.2,2.0
1046,196,52.373079600000004,4.892453400000001,hiking,1,4.5,2.0
1047,196,52.373079600000004,4.892453400000001,paddleboarding,1,3.5,2.0
1048,196,52.373079600000004,4.892453400000001,sailing,5,3.8,1.6
1049,196,52.373079600000004,4.892453400000001,ziplining,20,5.0,7.3
1050,196,52.373079600000004,4.892453400000001,spas,20,4.675,5.65
1051,196,52.373079600000004,4.892453400000001,massage,20,4.625,10.6
1052,196,52.373079600000004,4.892453400000001,tours,20,5.0,27.5
1053,197,43.17389195,16.556523494578517,beaches,1,3.5,2.0
1054,197,43.17389195,16.556523494578517,ziplining,1,3.5,2.0
1055,198,51.2254018,6.7763137,beaches,20,4.475,8.2
1056,198,51.2254018,6.7763137,horsebackriding,20,4.7,1.25
1057,198,51.2254018,6.7763137,hiking,20,4.825,4.75
1058,198,51.2254018,6.7763137,hot_air_balloons,2,2.75,4.5
1059,198,51.2254018,6.7763137,sailing,4,4.375,2.0
1060,198,51.2254018,6.7763137,ziplining,20,5.0,6.75
1061,198,51.2254018,6.7763137,spas,20,4.65,26.15
1062,198,51.2254018,6.7763137,massage,20,4.9,7.25
1063,198,51.2254018,6.7763137,tours,20,4.775,10.4
1064,200,24.453835199999997,54.3774014,ziplining,1,4.0,1.0
1065,201,60.16748810000001,24.9427473,beaches,20,4.425,7.8
1066,201,60.16748810000001,24.9427473,horsebackriding,7,3.857142857142857,1.0
1067,201,60.16748810000001,24.9427473,hiking,6,3.9166666666666665,2.8333333333333335
1068,201,60.16748810000001,24.9427473,paddleboarding,2,4.0,1.0
1069,201,60.16748810000001,24.9427473,sailing,2,4.5,1.5
1070,201,60.16748810000001,24.9427473,ziplining,20,5.0,8.5
1071,201,60.16748810000001,24.9427473,spas,20,4.125,2.4
1072,201,60.16748810000001,24.9427473,massage,20,4.45,2.1
1073,201,60.16748810000001,24.9427473,tours,12,3.9583333333333335,2.9166666666666665
1074,202,50.1106444,8.682091699999999,beaches,5,3.9,4.4
1075,202,50.1106444,8.682091699999999,horsebackriding,20,4.275,1.55
1076,202,50.1106444,8.682091699999999,hiking,8,3.8125,4.5
1077,202,50.1106444,8.682091699999999,hot_air_balloons,1,4.0,1.0
1078,202,50.1106444,8.682091699999999,paddleboarding,1,5.0,1.0
1079,202,50.1106444,8.682091699999999,sailing,2,4.25,10.5
1080,202,50.1106444,8.682091699999999,ziplining,20,5.0,6.8
1081,202,50.1106444,8.682091699999999,spas,20,4.425,10.55
1082,202,50.1106444,8.682091699999999,massage,20,4.9,5.8
1083,202,50.1106444,8.682091699999999,tours,20,4.9,4.8
1084,203,17.964098800000002,102.6133707,ziplining,2,4.5,3.5
1085,204,48.778448499999996,9.1800132,beaches,1,4.0,2.0
1086,204,48.778448499999996,9.1800132,horsebackriding,10,3.8,1.4
1087,204,48.778448499999996,9.1800132,hiking,10,4.4,4.2
1088,204,48.778448499999996,9.1800132,sailing,1,5.0,1.0
1089,204,48.778448499999996,9.1800132,ziplining,20,5.0,7.6
1090,204,48.778448499999996,9.1800132,spas,10,4.05,8.5
1091,204,48.778448499999996,9.1800132,hotsprings,1,3.5,3.0
1092,204,48.778448499999996,9.1800132,massage,20,4.925,3.3
1093,204,48.778448499999996,9.1800132,tours,20,4.8,2.45
1094,205,52.374477899999995,9.738553199999998,beaches,2,3.0,1.0
1095,205,52.374477899999995,9.738553199999998,horsebackriding,10,4.25,2.2
1096,205,52.374477899999995,9.738553199999998,hiking,2,5.0,1.0
1097,205,52.374477899999995,9.738553199999998,hot_air_balloons,3,4.333333333333333,2.0
1098,205,52.374477899999995,9.738553199999998,sailing,3,3.5,2.0
1099,205,52.374477899999995,9.738553199999998,ziplining,20,5.0,7.05
1100,205,52.374477899999995,9.738553199999998,spas,3,3.6666666666666665,6.0
1101,205,52.374477899999995,9.738553199999998,massage,20,4.925,2.7
1102,205,52.374477899999995,9.738553199999998,tours,20,4.8,3.0
1103,206,55.6867243,12.5700724,beaches,20,3.925,6.25
1104,206,55.6867243,12.5700724,horsebackriding,3,4.666666666666667,1.0
1105,206,55.6867243,12.5700724,hiking,20,4.2,3.85
1106,206,55.6867243,12.5700724,sailing,1,1.5,2.0
1107,206,55.6867243,12.5700724,ziplining,20,5.0,6.25
1108,206,55.6867243,12.5700724,spas,12,3.9166666666666665,4.833333333333333
1109,206,55.6867243,12.5700724,massage,20,4.925,3.0
1110,206,55.6867243,12.5700724,tours,20,4.65,16.75
1111,207,53.546205500000006,-113.49124099999999,beaches,2,4.25,2.5
1112,207,53.546205500000006,-113.49124099999999,horsebackriding,11,3.8636363636363638,2.090909090909091
1113,207,53.546205500000006,-113.49124099999999,hiking,5,3.9,1.8
1114,207,53.546205500000006,-113.49124099999999,paddleboarding,1,5.0,2.0
1115,207,53.546205500000006,-113.49124099999999,snorkeling,1,3.0,2.0
1116,207,53.546205500000006,-113.49124099999999,ziplining,20,5.0,6.85
1117,207,53.546205500000006,-113.49124099999999,spas,20,4.6,11.7
1118,207,53.546205500000006,-113.49124099999999,massage,20,4.9,8.55
1119,207,53.546205500000006,-113.49124099999999,tours,20,4.1,6.8
1120,208,51.0493286,13.7381437,beaches,3,4.333333333333333,1.0
1121,208,51.0493286,13.7381437,horsebackriding,6,4.25,1.1666666666666667
1122,208,51.0493286,13.7381437,hiking,5,4.0,1.8
1123,208,51.0493286,13.7381437,ziplining,20,5.0,7.1
1124,208,51.0493286,13.7381437,spas,5,3.9,5.8
1125,208,51.0493286,13.7381437,massage,20,4.75,2.1
1126,208,51.0493286,13.7381437,tours,20,4.825,7.1
1127,209,53.479489199999996,-2.2451147999999996,beaches,2,4.0,1.0
1128,209,53.479489199999996,-2.2451147999999996,horsebackriding,16,3.96875,1.75
1129,209,53.479489199999996,-2.2451147999999996,hiking,8,4.6875,2.375
1130,209,53.479489199999996,-2.2451147999999996,sailing,1,5.0,1.0
1131,209,53.479489199999996,-2.2451147999999996,ziplining,20,5.0,6.9
1132,209,53.479489199999996,-2.2451147999999996,spas,20,4.025,3.25
1133,209,53.479489199999996,-2.2451147999999996,massage,20,4.925,2.1
1134,209,53.479489199999996,-2.2451147999999996,tours,18,3.9166666666666665,2.7777777777777777
1135,210,51.9244424,4.47775,beaches,10,4.35,6.0
1136,210,51.9244424,4.47775,horsebackriding,9,4.111111111111111,1.7777777777777777
1137,210,51.9244424,4.47775,hiking,1,4.5,3.0
1138,210,51.9244424,4.47775,sailing,4,4.375,1.25
1139,210,51.9244424,4.47775,ziplining,20,5.0,8.6
1140,210,51.9244424,4.47775,spas,15,4.0,2.8
1141,210,51.9244424,4.47775,massage,20,4.225,1.7
1142,210,51.9244424,4.47775,tours,13,3.8076923076923075,2.3846153846153846
1143,211,-16.4955455,-68.1336229,ziplining,1,2.5,2.0
1144,213,45.4208777,-75.6901106,beaches,4,4.0,5.75
1145,213,45.4208777,-75.6901106,horsebackriding,6,3.5,1.0
1146,213,45.4208777,-75.6901106,hiking,20,4.7,2.75
1147,213,45.4208777,-75.6901106,paddleboarding,2,4.25,2.0
1148,213,45.4208777,-75.6901106,ziplining,20,5.0,8.1
1149,213,45.4208777,-75.6901106,spas,20,4.525,8.7
1150,213,45.4208777,-75.6901106,massage,20,4.6,6.25
1151,213,45.4208777,-75.6901106,tours,20,4.2,7.7
1152,215,55.9533456,-3.1883749,beaches,11,3.9545454545454546,3.4545454545454546
1153,215,55.9533456,-3.1883749,horsebackriding,4,3.875,2.0
1154,215,55.9533456,-3.1883749,hiking,7,4.428571428571429,37.57142857142857
1155,215,55.9533456,-3.1883749,hot_air_balloons,1,5.0,1.0
1156,215,55.9533456,-3.1883749,ziplining,20,5.0,8.35
1157,215,55.9533456,-3.1883749,spas,20,4.475,8.1
1158,215,55.9533456,-3.1883749,massage,20,4.825,3.85
1159,215,55.9533456,-3.1883749,tours,20,4.775,24.6
1160,218,59.913330099999996,10.7389701,beaches,20,4.325,3.2
1161,218,59.913330099999996,10.7389701,horsebackriding,13,3.8846153846153846,1.5384615384615385
1162,218,59.913330099999996,10.7389701,hiking,20,4.575,6.45
1163,218,59.913330099999996,10.7389701,sailing,3,4.0,1.0
1164,218,59.913330099999996,10.7389701,ziplining,20,5.0,9.2
1165,218,59.913330099999996,10.7389701,spas,13,3.6153846153846154,3.0
1166,218,59.913330099999996,10.7389701,massage,20,4.3,2.15
1167,218,59.913330099999996,10.7389701,tours,20,3.975,6.35
1168,219,55.861155000000004,-4.250168700000001,beaches,10,4.35,2.2
1169,219,55.861155000000004,-4.250168700000001,horsebackriding,9,4.0,1.6666666666666667
1170,219,55.861155000000004,-4.250168700000001,hiking,7,4.357142857142857,1.7142857142857142
1171,219,55.861155000000004,-4.250168700000001,ziplining,20,5.0,7.3
1172,219,55.861155000000004,-4.250168700000001,spas,20,4.45,2.25
1173,219,55.861155000000004,-4.250168700000001,massage,20,4.9,3.35
1174,219,55.861155000000004,-4.250168700000001,tours,20,4.85,6.8
1175,220,54.596391000000004,-5.9301829,beaches,5,4.4,7.8
1176,220,54.596391000000004,-5.9301829,horsebackriding,5,3.9,1.2
1177,220,54.596391000000004,-5.9301829,hiking,5,4.7,1.8
1178,220,54.596391000000004,-5.9301829,sailing,2,4.5,1.0
1179,220,54.596391000000004,-5.9301829,ziplining,20,5.0,7.25
1180,220,54.596391000000004,-5.9301829,spas,18,4.083333333333333,3.0
1181,220,54.596391000000004,-5.9301829,massage,20,4.55,2.1
1182,220,54.596391000000004,-5.9301829,tours,20,4.75,8.85
1183,222,47.798134600000004,13.046480599999999,beaches,3,4.5,1.6666666666666667
1184,222,47.798134600000004,13.046480599999999,hanggliding,1,5.0,1.0
1185,222,47.798134600000004,13.046480599999999,horsebackriding,2,4.5,1.0
1186,222,47.798134600000004,13.046480599999999,hiking,16,4.34375,4.8125
1187,222,47.798134600000004,13.046480599999999,hot_air_balloons,2,5.0,1.5
1188,222,47.798134600000004,13.046480599999999,sailing,1,5.0,1.0
1189,222,47.798134600000004,13.046480599999999,ziplining,20,5.0,7.85
1190,222,47.798134600000004,13.046480599999999,spas,6,4.5,2.1666666666666665
1191,222,47.798134600000004,13.046480599999999,massage,7,4.857142857142857,1.2857142857142858
1192,222,47.798134600000004,13.046480599999999,tours,20,4.775,12.25
1193,224,47.3744489,8.5410422,beaches,14,4.25,1.9285714285714286
1194,224,47.3744489,8.5410422,horsebackriding,6,4.5,1.1666666666666667
1195,224,47.3744489,8.5410422,hiking,11,4.5,3.6363636363636362
1196,224,47.3744489,8.5410422,sailing,1,4.0,1.0
1197,224,47.3744489,8.5410422,ziplining,20,5.0,6.1
1198,224,47.3744489,8.5410422,spas,20,4.075,5.4
1199,224,47.3744489,8.5410422,hotsprings,1,5.0,4.0
1200,224,47.3744489,8.5410422,massage,20,4.975,1.65
1201,224,47.3744489,8.5410422,tours,20,4.6,2.8
1202,225,46.2017559,6.146601400000001,beaches,6,4.0,2.1666666666666665
1203,225,46.2017559,6.146601400000001,horsebackriding,1,5.0,1.0
1204,225,46.2017559,6.146601400000001,hiking,3,4.0,1.0
1205,225,46.2017559,6.146601400000001,paddleboarding,1,4.5,2.0
1206,225,46.2017559,6.146601400000001,ziplining,20,5.0,7.85
1207,225,46.2017559,6.146601400000001,spas,15,4.033333333333333,1.7333333333333334
1208,225,46.2017559,6.146601400000001,massage,20,4.625,1.15
1209,225,46.2017559,6.146601400000001,tours,16,3.8125,2.8125
1210,226,35.898981799999994,14.513675899999999,ziplining,1,5.0,4.0
