,Latitude,Longitude,Month,Average Temperature,Average No Sunny Days
0,38.050,-84.459,04,11.33,9.08
1,38.050,-84.459,05,19.56,10.08
2,38.050,-84.459,06,23.67,12.53
3,38.050,-84.459,07,24.22,12.53
4,38.050,-84.459,08,21.67,9.49
5,38.050,-84.459,09,20.67,10.38
6,38.050,-84.459,10,12.67,9.92
7,38.050,-84.459,11,3.78,7.44
8,38.050,-84.459,12,4.44,7.8
9,38.050,-84.459,01,5.44,8.04
10,38.050,-84.459,02,6.56,9.64
11,38.050,-84.459,03,3.0,8.62
12,32.715,-117.156,04,16.0,11.46
13,32.715,-117.156,05,17.56,13.83
14,32.715,-117.156,06,19.67,14.11
15,32.715,-117.156,07,21.11,14.08
16,32.715,-117.156,08,23.56,11.6
17,32.715,-117.156,09,22.22,10.71
18,32.715,-117.156,10,20.33,10.64
19,32.715,-117.156,11,15.22,8.17
20,32.715,-117.156,12,12.56,7.43
21,32.715,-117.156,01,13.89,7.61
22,32.715,-117.156,02,12.67,8.69
23,32.715,-117.156,03,13.67,9.36
24,-19.817,-157.717,04,27.0,7.48
25,-19.817,-157.717,05,26.33,7.84
26,-19.817,-157.717,06,25.33,8.36
27,-19.817,-157.717,07,23.89,7.81
28,-19.817,-157.717,08,23.22,7.26
29,-19.817,-157.717,09,24.11,9.27
30,-19.817,-157.717,10,24.0,9.12
31,-19.817,-157.717,11,23.67,9.54
32,-19.817,-157.717,12,24.33,9.57
33,-19.817,-157.717,01,25.11,8.52
34,-19.817,-157.717,02,26.78,8.57
35,-19.817,-157.717,03,26.56,7.0
36,40.646,-111.497,04,-3.33,8.79
37,40.646,-111.497,05,6.22,10.74
38,40.646,-111.497,06,13.78,14.39
39,40.646,-111.497,07,20.89,10.62
40,40.646,-111.497,08,17.78,9.91
41,40.646,-111.497,09,12.22,9.33
42,40.646,-111.497,10,8.44,10.71
43,40.646,-111.497,11,-9.78,9.4
44,40.646,-111.497,12,-10.89,5.67
45,40.646,-111.497,01,-5.67,6.14
46,40.646,-111.497,02,-9.0,9.37
47,40.646,-111.497,03,-3.44,7.84
48,54.939,-1.619,04,9.67,9.73
49,54.939,-1.619,05,12.78,14.31
50,54.939,-1.619,06,15.0,15.49
51,54.939,-1.619,07,18.33,15.99
52,54.939,-1.619,08,18.89,12.43
53,54.939,-1.619,09,13.56,9.18
54,54.939,-1.619,10,10.89,9.32
55,54.939,-1.619,11,10.89,5.86
56,54.939,-1.619,12,-0.11,3.58
57,54.939,-1.619,01,4.67,3.03
58,54.939,-1.619,02,7.56,8.19
59,54.939,-1.619,03,5.0,7.36
60,-27.483,153.017,04,20.56,7.2
61,-27.483,153.017,05,21.11,4.96
62,-27.483,153.017,06,15.11,6.97
63,-27.483,153.017,07,14.22,7.66
64,-27.483,153.017,08,14.89,7.51
65,-27.483,153.017,09,17.78,9.58
66,-27.483,153.017,10,19.22,8.14
67,-27.483,153.017,11,20.56,13.63
68,-27.483,153.017,12,21.22,12.37
69,-27.483,153.017,01,22.56,12.7
70,-27.483,153.017,02,23.33,11.7
71,-27.483,153.017,03,23.67,11.46
72,-27.917,152.683,04,19.89,6.54
73,-27.917,152.683,05,19.56,4.6
74,-27.917,152.683,06,12.89,7.48
75,-27.917,152.683,07,12.0,8.0
76,-27.917,152.683,08,13.22,7.36
77,-27.917,152.683,09,17.11,10.04
78,-27.917,152.683,10,18.44,8.16
79,-27.917,152.683,11,21.33,13.61
80,-27.917,152.683,12,22.44,12.18
81,-27.917,152.683,01,24.0,12.52
82,-27.917,152.683,02,24.44,12.39
83,-27.917,152.683,03,24.89,11.51
84,34.244,-116.911,04,11.33,11.6
85,34.244,-116.911,05,15.22,13.76
86,34.244,-116.911,06,21.67,14.13
87,34.244,-116.911,07,26.0,13.47
88,34.244,-116.911,08,24.0,9.26
89,34.244,-116.911,09,17.78,10.28
90,34.244,-116.911,10,16.33,9.82
91,34.244,-116.911,11,5.0,8.34
92,34.244,-116.911,12,1.56,7.4
93,34.244,-116.911,01,3.0,8.1
94,34.244,-116.911,02,2.56,9.62
95,34.244,-116.911,03,7.67,10.76
96,-36.717,142.200,04,18.22,10.24
97,-36.717,142.200,05,13.56,5.62
98,-36.717,142.200,06,10.22,5.0
99,-36.717,142.200,07,8.56,6.29
100,-36.717,142.200,08,9.89,5.31
101,-36.717,142.200,09,9.78,8.16
102,-36.717,142.200,10,12.44,11.41
103,-36.717,142.200,11,14.11,11.28
104,-36.717,142.200,12,15.67,13.23
105,-36.717,142.200,01,24.33,13.53
106,-36.717,142.200,02,22.89,12.18
107,-36.717,142.200,03,21.11,10.99
108,49.500,-115.067,04,-4.11,8.2
109,49.500,-115.067,05,4.44,14.2
110,49.500,-115.067,06,8.67,13.68
111,49.500,-115.067,07,17.89,15.76
112,49.500,-115.067,08,21.0,12.89
113,49.500,-115.067,09,13.56,10.4
114,49.500,-115.067,10,9.89,10.44
115,49.500,-115.067,11,-10.0,6.74
116,49.500,-115.067,12,-11.33,3.27
117,49.500,-115.067,01,-2.56,3.3
118,49.500,-115.067,02,-4.78,6.21
119,49.500,-115.067,03,-6.11,8.57
120,42.651,18.091,04,13.0,10.63
121,42.651,18.091,05,19.33,13.41
122,42.651,18.091,06,23.89,13.83
123,42.651,18.091,07,25.56,14.39
124,42.651,18.091,08,24.44,12.42
125,42.651,18.091,09,22.33,9.93
126,42.651,18.091,10,18.22,10.36
127,42.651,18.091,11,15.56,6.11
128,42.651,18.091,12,12.89,4.59
129,42.651,18.091,01,10.56,6.0
130,42.651,18.091,02,8.67,10.39
131,42.651,18.091,03,11.44,9.13
132,37.275,-107.879,04,7.0,10.89
133,37.275,-107.879,05,15.56,11.68
134,37.275,-107.879,06,21.67,13.46
135,37.275,-107.879,07,22.89,11.27
136,37.275,-107.879,08,21.22,10.02
137,37.275,-107.879,09,17.0,10.3
138,37.275,-107.879,10,10.78,9.98
139,37.275,-107.879,11,-1.78,9.98
140,37.275,-107.879,12,-8.11,7.36
141,37.275,-107.879,01,-3.44,6.99
142,37.275,-107.879,02,-5.22,7.78
143,37.275,-107.879,03,1.67,8.32
144,-32.733,151.867,04,18.22,6.37
145,-32.733,151.867,05,17.44,6.09
146,-32.733,151.867,06,11.89,7.8
147,-32.733,151.867,07,11.22,7.28
148,-32.733,151.867,08,12.67,7.18
149,-32.733,151.867,09,14.56,9.88
150,-32.733,151.867,10,15.89,10.66
151,-32.733,151.867,11,17.89,12.84
152,-32.733,151.867,12,18.89,12.4
153,-32.733,151.867,01,22.56,13.27
154,-32.733,151.867,02,22.67,11.64
155,-32.733,151.867,03,22.56,11.93
156,17.167,-61.817,04,25.78,12.14
157,17.167,-61.817,05,27.0,11.03
158,17.167,-61.817,06,27.11,11.76
159,17.167,-61.817,07,27.22,10.93
160,17.167,-61.817,08,27.89,10.74
161,17.167,-61.817,09,28.0,10.13
162,17.167,-61.817,10,27.78,7.07
163,17.167,-61.817,11,27.22,6.03
164,17.167,-61.817,12,25.67,6.87
165,17.167,-61.817,01,25.67,6.2
166,17.167,-61.817,02,25.0,8.73
167,17.167,-61.817,03,24.89,10.51
168,25.252,55.280,04,26.78,12.52
169,25.252,55.280,05,27.33,13.21
170,25.252,55.280,06,30.33,13.8
171,25.252,55.280,07,32.22,13.56
172,25.252,55.280,08,33.11,13.03
173,25.252,55.280,09,32.11,11.6
174,25.252,55.280,10,30.0,8.7
175,25.252,55.280,11,28.33,8.7
176,25.252,55.280,12,24.0,8.7
177,25.252,55.280,01,20.89,7.99
178,25.252,55.280,02,21.11,11.57
179,25.252,55.280,03,24.11,11.44
180,50.667,-1.267,04,10.67,9.47
181,50.667,-1.267,05,13.44,12.84
182,50.667,-1.267,06,16.56,16.31
183,50.667,-1.267,07,20.44,15.93
184,50.667,-1.267,08,21.44,13.54
185,50.667,-1.267,09,16.56,9.59
186,50.667,-1.267,10,14.56,7.77
187,50.667,-1.267,11,13.22,6.73
188,50.667,-1.267,12,3.56,4.54
189,50.667,-1.267,01,7.22,3.88
190,50.667,-1.267,02,8.67,8.13
191,50.667,-1.267,03,7.56,7.38
192,21.783,-71.683,04,25.0,6.83
193,21.783,-71.683,05,26.11,9.36
194,21.783,-71.683,06,27.0,10.5
195,21.783,-71.683,07,27.67,10.08
196,21.783,-71.683,08,27.67,10.59
197,21.783,-71.683,09,28.89,8.7
198,21.783,-71.683,10,27.78,8.28
199,21.783,-71.683,11,27.11,9.84
200,21.783,-71.683,12,25.0,9.76
201,21.783,-71.683,01,24.11,7.46
202,21.783,-71.683,02,24.89,10.0
203,21.783,-71.683,03,23.44,9.87
204,36.517,-4.883,04,16.89,10.33
205,36.517,-4.883,05,20.67,13.84
206,36.517,-4.883,06,25.78,14.06
207,36.517,-4.883,07,27.0,14.27
208,36.517,-4.883,08,27.33,13.7
209,36.517,-4.883,09,24.33,10.83
210,36.517,-4.883,10,21.22,10.32
211,36.517,-4.883,11,18.44,9.48
212,36.517,-4.883,12,15.44,5.93
213,36.517,-4.883,01,13.67,7.97
214,36.517,-4.883,02,13.0,6.94
215,36.517,-4.883,03,16.78,11.13
216,32.083,-81.100,04,19.44,10.32
217,32.083,-81.100,05,22.11,9.79
218,32.083,-81.100,06,28.11,10.22
219,32.083,-81.100,07,26.33,8.03
220,32.083,-81.100,08,26.33,9.47
221,32.083,-81.100,09,24.67,9.91
222,32.083,-81.100,10,21.33,9.77
223,32.083,-81.100,11,15.89,8.88
224,32.083,-81.100,12,13.44,7.98
225,32.083,-81.100,01,12.0,9.74
226,32.083,-81.100,02,14.44,8.76
227,32.083,-81.100,03,14.67,10.36
228,-16.483,145.467,04,25.22,7.18
229,-16.483,145.467,05,23.89,7.2
230,-16.483,145.467,06,20.89,6.87
231,-16.483,145.467,07,19.0,10.57
232,-16.483,145.467,08,20.44,10.64
233,-16.483,145.467,09,23.22,10.51
234,-16.483,145.467,10,24.89,11.22
235,-16.483,145.467,11,25.67,12.68
236,-16.483,145.467,12,27.33,11.62
237,-16.483,145.467,01,25.78,9.54
238,-16.483,145.467,02,25.11,7.26
239,-16.483,145.467,03,26.44,10.51
240,-33.917,18.417,04,18.44,10.74
241,-33.917,18.417,05,16.44,7.98
242,-33.917,18.417,06,14.67,6.48
243,-33.917,18.417,07,14.0,5.8
244,-33.917,18.417,08,11.89,7.84
245,-33.917,18.417,09,14.44,9.57
246,-33.917,18.417,10,18.33,10.03
247,-33.917,18.417,11,18.11,12.94
248,-33.917,18.417,12,22.11,12.46
249,-33.917,18.417,01,22.22,14.21
250,-33.917,18.417,02,22.33,11.04
251,-33.917,18.417,03,21.33,10.72
252,-19.250,146.800,04,24.22,7.16
253,-19.250,146.800,05,22.78,6.37
254,-19.250,146.800,06,17.78,7.17
255,-19.250,146.800,07,16.22,7.86
256,-19.250,146.800,08,19.22,10.64
257,-19.250,146.800,09,22.78,10.36
258,-19.250,146.800,10,24.67,11.21
259,-19.250,146.800,11,26.22,12.22
260,-19.250,146.800,12,27.44,11.68
261,-19.250,146.800,01,25.56,10.13
262,-19.250,146.800,02,25.0,8.3
263,-19.250,146.800,03,26.67,9.31
264,-33.933,18.850,04,18.78,10.59
265,-33.933,18.850,05,15.89,7.44
266,-33.933,18.850,06,13.22,6.48
267,-33.933,18.850,07,12.67,7.26
268,-33.933,18.850,08,10.22,7.5
269,-33.933,18.850,09,13.67,10.03
270,-33.933,18.850,10,19.0,9.73
271,-33.933,18.850,11,18.78,12.82
272,-33.933,18.850,12,22.11,12.21
273,-33.933,18.850,01,23.89,13.96
274,-33.933,18.850,02,23.22,11.32
275,-33.933,18.850,03,20.22,10.56
276,-28.650,153.617,04,19.89,6.36
277,-28.650,153.617,05,20.67,5.29
278,-28.650,153.617,06,14.11,7.98
279,-28.650,153.617,07,13.78,7.3
280,-28.650,153.617,08,14.33,7.52
281,-28.650,153.617,09,17.22,9.42
282,-28.650,153.617,10,18.22,7.73
283,-28.650,153.617,11,20.0,13.54
284,-28.650,153.617,12,20.56,11.3
285,-28.650,153.617,01,21.89,12.01
286,-28.650,153.617,02,23.0,11.99
287,-28.650,153.617,03,23.0,11.41
288,-45.017,168.717,04,8.89,9.98
289,-45.017,168.717,05,8.11,7.0
290,-45.017,168.717,06,0.89,4.9
291,-45.017,168.717,07,0.44,4.78
292,-45.017,168.717,08,1.67,6.87
293,-45.017,168.717,09,3.78,10.19
294,-45.017,168.717,10,8.11,10.83
295,-45.017,168.717,11,13.78,12.18
296,-45.017,168.717,12,14.44,11.61
297,-45.017,168.717,01,17.0,12.61
298,-45.017,168.717,02,15.78,12.21
299,-45.017,168.717,03,10.0,10.14
300,33.780,-116.464,04,18.11,11.46
301,33.780,-116.464,05,22.78,13.87
302,33.780,-116.464,06,28.56,13.9
303,33.780,-116.464,07,33.44,13.68
304,33.780,-116.464,08,32.22,10.24
305,33.780,-116.464,09,25.22,10.39
306,33.780,-116.464,10,25.0,10.18
307,33.780,-116.464,11,11.44,8.34
308,33.780,-116.464,12,7.56,7.4
309,33.780,-116.464,01,9.78,7.76
310,33.780,-116.464,02,9.89,10.08
311,33.780,-116.464,03,14.78,10.62
312,-6.167,39.183,04,25.56,6.62
313,-6.167,39.183,05,25.67,8.8
314,-6.167,39.183,06,24.89,8.62
315,-6.167,39.183,07,23.89,7.69
316,-6.167,39.183,08,24.44,8.02
317,-6.167,39.183,09,25.0,8.96
318,-6.167,39.183,10,25.56,9.74
319,-6.167,39.183,11,27.11,10.31
320,-6.167,39.183,12,27.89,8.58
321,-6.167,39.183,01,27.22,7.81
322,-6.167,39.183,02,27.89,8.69
323,-6.167,39.183,03,28.56,9.89
324,-20.298,57.595,04,25.11,5.48
325,-20.298,57.595,05,23.44,6.03
326,-20.298,57.595,06,22.0,6.64
327,-20.298,57.595,07,20.78,6.0
328,-20.298,57.595,08,20.89,5.87
329,-20.298,57.595,09,21.56,8.96
330,-20.298,57.595,10,22.11,12.62
331,-20.298,57.595,11,23.33,12.52
332,-20.298,57.595,12,25.44,11.84
333,-20.298,57.595,01,25.89,10.7
334,-20.298,57.595,02,25.44,9.66
335,-20.298,57.595,03,25.67,9.12
336,45.433,12.333,04,11.78,11.08
337,45.433,12.333,05,20.67,14.28
338,45.433,12.333,06,23.67,15.29
339,45.433,12.333,07,25.56,14.52
340,45.433,12.333,08,25.0,10.59
341,45.433,12.333,09,20.33,10.0
342,45.433,12.333,10,18.11,10.74
343,45.433,12.333,11,12.0,6.0
344,45.433,12.333,12,5.33,5.3
345,45.433,12.333,01,6.0,6.53
346,45.433,12.333,02,6.67,9.78
347,45.433,12.333,03,10.0,9.71
348,19.700,-79.883,04,26.78,9.73
349,19.700,-79.883,05,27.22,10.38
350,19.700,-79.883,06,27.78,11.11
351,19.700,-79.883,07,28.78,13.13
352,19.700,-79.883,08,28.78,10.11
353,19.700,-79.883,09,29.22,8.09
354,19.700,-79.883,10,28.56,7.71
355,19.700,-79.883,11,27.89,6.2
356,19.700,-79.883,12,26.78,7.84
357,19.700,-79.883,01,25.22,7.96
358,19.700,-79.883,02,25.78,8.71
359,19.700,-79.883,03,25.78,9.27
360,-4.617,55.450,04,28.56,8.18
361,-4.617,55.450,05,28.56,6.78
362,-4.617,55.450,06,27.0,6.93
363,-4.617,55.450,07,25.0,6.47
364,-4.617,55.450,08,25.0,7.09
365,-4.617,55.450,09,26.11,6.16
366,-4.617,55.450,10,26.11,10.99
367,-4.617,55.450,11,26.89,12.43
368,-4.617,55.450,12,27.11,8.8
369,-4.617,55.450,01,26.67,6.87
370,-4.617,55.450,02,27.33,7.77
371,-4.617,55.450,03,28.0,9.89
372,-28.000,153.433,04,21.0,6.38
373,-28.000,153.433,05,21.67,5.11
374,-28.000,153.433,06,15.22,7.27
375,-28.000,153.433,07,14.33,7.66
376,-28.000,153.433,08,15.44,7.69
377,-28.000,153.433,09,18.44,9.42
378,-28.000,153.433,10,19.44,8.0
379,-28.000,153.433,11,21.22,13.66
380,-28.000,153.433,12,22.11,12.5
381,-28.000,153.433,01,23.67,12.44
382,-28.000,153.433,02,24.44,11.43
383,-28.000,153.433,03,24.89,11.61
384,44.465,-72.685,04,5.56,8.16
385,44.465,-72.685,05,16.22,12.88
386,44.465,-72.685,06,16.22,12.19
387,44.465,-72.685,07,20.0,12.72
388,44.465,-72.685,08,17.78,11.83
389,44.465,-72.685,09,16.11,8.96
390,44.465,-72.685,10,8.89,8.78
391,44.465,-72.685,11,2.89,5.52
392,44.465,-72.685,12,-3.33,6.11
393,44.465,-72.685,01,-4.89,4.97
394,44.465,-72.685,02,-2.33,7.32
395,44.465,-72.685,03,-1.44,6.42
396,31.633,-8.000,04,19.67,9.9
397,31.633,-8.000,05,25.67,13.36
398,31.633,-8.000,06,29.22,13.52
399,31.633,-8.000,07,32.67,13.69
400,31.633,-8.000,08,28.33,13.61
401,31.633,-8.000,09,25.0,11.44
402,31.633,-8.000,10,22.67,9.19
403,31.633,-8.000,11,19.44,8.34
404,31.633,-8.000,12,16.33,7.26
405,31.633,-8.000,01,13.22,8.16
406,31.633,-8.000,02,13.56,9.57
407,31.633,-8.000,03,21.22,11.29
408,37.938,-107.812,04,-1.11,9.49
409,37.938,-107.812,05,8.67,11.97
410,37.938,-107.812,06,15.78,13.23
411,37.938,-107.812,07,16.67,11.04
412,37.938,-107.812,08,15.22,8.73
413,37.938,-107.812,09,11.22,8.99
414,37.938,-107.812,10,6.44,9.86
415,37.938,-107.812,11,-9.67,8.94
416,37.938,-107.812,12,-11.67,6.0
417,37.938,-107.812,01,-6.0,6.62
418,37.938,-107.812,02,-8.56,8.0
419,37.938,-107.812,03,-6.44,7.83
420,49.900,-119.483,04,1.89,8.42
421,49.900,-119.483,05,8.33,11.52
422,49.900,-119.483,06,13.56,14.47
423,49.900,-119.483,07,20.89,15.33
424,49.900,-119.483,08,24.44,14.03
425,49.900,-119.483,09,15.89,9.29
426,49.900,-119.483,10,14.0,10.81
427,49.900,-119.483,11,-6.11,7.72
428,49.900,-119.483,12,-8.56,6.26
429,49.900,-119.483,01,0.0,3.89
430,49.900,-119.483,02,-3.33,8.52
431,49.900,-119.483,03,-3.0,9.49
432,43.100,-79.050,04,6.67,9.14
433,43.100,-79.050,05,14.89,12.63
434,43.100,-79.050,06,18.78,12.72
435,43.100,-79.050,07,21.33,13.14
436,43.100,-79.050,08,20.56,10.06
437,43.100,-79.050,09,19.67,9.87
438,43.100,-79.050,10,11.11,8.19
439,43.100,-79.050,11,4.44,5.08
440,43.100,-79.050,12,0.67,5.57
441,43.100,-79.050,01,-0.44,6.4
442,43.100,-79.050,02,1.78,8.12
443,43.100,-79.050,03,-0.33,7.04
444,30.246,-87.701,04,21.44,9.17
445,30.246,-87.701,05,25.22,12.66
446,30.246,-87.701,06,28.56,11.46
447,30.246,-87.701,07,27.78,9.5
448,30.246,-87.701,08,27.67,8.12
449,30.246,-87.701,09,26.33,9.98
450,30.246,-87.701,10,22.22,10.32
451,30.246,-87.701,11,14.11,7.99
452,30.246,-87.701,12,16.11,6.7
453,30.246,-87.701,01,15.11,8.3
454,30.246,-87.701,02,14.0,8.72
455,30.246,-87.701,03,16.56,10.33
456,15.209,145.734,04,26.67,7.8
457,15.209,145.734,05,28.0,11.09
458,15.209,145.734,06,28.89,9.83
459,15.209,145.734,07,28.78,9.38
460,15.209,145.734,08,28.44,6.96
461,15.209,145.734,09,28.11,8.37
462,15.209,145.734,10,27.67,5.33
463,15.209,145.734,11,28.56,5.37
464,15.209,145.734,12,28.0,6.03
465,15.209,145.734,01,26.78,6.77
466,15.209,145.734,02,27.0,7.64
467,15.209,145.734,03,26.67,8.8
468,43.483,-1.567,04,13.44,9.53
469,43.483,-1.567,05,18.56,13.22
470,43.483,-1.567,06,22.11,13.61
471,43.483,-1.567,07,25.0,14.39
472,43.483,-1.567,08,21.78,11.0
473,43.483,-1.567,09,21.33,10.16
474,43.483,-1.567,10,18.56,9.0
475,43.483,-1.567,11,14.67,7.97
476,43.483,-1.567,12,9.56,5.74
477,43.483,-1.567,01,9.22,5.2
478,43.483,-1.567,02,9.11,8.7
479,43.483,-1.567,03,13.22,8.61
480,-33.950,115.067,04,16.78,8.69
481,-33.950,115.067,05,15.67,5.46
482,-33.950,115.067,06,16.0,4.44
483,-33.950,115.067,07,14.0,6.51
484,-33.950,115.067,08,13.56,5.58
485,-33.950,115.067,09,13.78,7.2
486,-33.950,115.067,10,13.11,11.66
487,-33.950,115.067,11,14.22,11.6
488,-33.950,115.067,12,18.22,13.79
489,-33.950,115.067,01,19.22,13.8
490,-33.950,115.067,02,19.78,13.17
491,-33.950,115.067,03,19.56,11.14
492,26.917,75.817,04,32.89,11.56
493,26.917,75.817,05,36.22,13.63
494,26.917,75.817,06,34.0,12.93
495,26.917,75.817,07,30.56,11.12
496,26.917,75.817,08,27.89,10.32
497,26.917,75.817,09,29.67,9.63
498,26.917,75.817,10,25.89,10.0
499,26.917,75.817,11,22.78,8.7
500,26.917,75.817,12,18.44,8.7
501,26.917,75.817,01,14.33,8.7
502,26.917,75.817,02,21.67,11.13
503,26.917,75.817,03,27.11,10.82
504,13.183,-59.533,04,26.44,11.24
505,13.183,-59.533,05,27.11,10.61
506,13.183,-59.533,06,26.67,10.82
507,13.183,-59.533,07,27.11,10.06
508,13.183,-59.533,08,27.67,10.69
509,13.183,-59.533,09,28.33,9.98
510,13.183,-59.533,10,27.67,8.8
511,13.183,-59.533,11,27.0,6.84
512,13.183,-59.533,12,25.56,7.03
513,13.183,-59.533,01,25.56,6.53
514,13.183,-59.533,02,25.11,8.13
515,13.183,-59.533,03,25.89,10.51
516,20.152,-87.457,04,26.89,10.59
517,20.152,-87.457,05,26.78,10.61
518,20.152,-87.457,06,26.11,8.43
519,20.152,-87.457,07,27.89,9.78
520,20.152,-87.457,08,26.89,8.72
521,20.152,-87.457,09,26.22,7.78
522,20.152,-87.457,10,26.11,7.18
523,20.152,-87.457,11,24.78,9.74
524,20.152,-87.457,12,23.89,7.5
525,20.152,-87.457,01,22.56,8.59
526,20.152,-87.457,02,24.0,9.67
527,20.152,-87.457,03,25.89,10.21
528,51.546,0.703,04,10.56,9.39
529,51.546,0.703,05,14.44,12.52
530,51.546,0.703,06,17.22,16.23
531,51.546,0.703,07,20.78,16.36
532,51.546,0.703,08,21.67,13.2
533,51.546,0.703,09,16.44,8.44
534,51.546,0.703,10,13.89,7.8
535,51.546,0.703,11,12.11,6.1
536,51.546,0.703,12,2.11,5.91
537,51.546,0.703,01,6.44,4.82
538,51.546,0.703,02,7.89,8.29
539,51.546,0.703,03,7.22,7.1
540,60.391,5.325,04,6.0,10.69
541,60.391,5.325,05,9.56,14.31
542,60.391,5.325,06,12.0,15.04
543,60.391,5.325,07,13.22,15.01
544,60.391,5.325,08,15.89,14.39
545,60.391,5.325,09,13.67,8.08
546,60.391,5.325,10,10.33,7.43
547,60.391,5.325,11,10.0,4.74
548,60.391,5.325,12,0.78,2.92
549,60.391,5.325,01,4.33,2.8
550,60.391,5.325,02,6.33,4.76
551,60.391,5.325,03,2.0,8.0
552,24.583,73.683,04,32.56,11.6
553,24.583,73.683,05,35.22,13.59
554,24.583,73.683,06,31.22,12.88
555,24.583,73.683,07,26.89,9.26
556,24.583,73.683,08,24.89,6.79
557,24.583,73.683,09,26.56,8.54
558,24.583,73.683,10,25.44,11.6
559,24.583,73.683,11,22.89,8.7
560,24.583,73.683,12,19.78,8.7
561,24.583,73.683,01,16.0,10.86
562,24.583,73.683,02,22.44,11.19
563,24.583,73.683,03,27.0,10.82
564,-34.600,138.917,04,18.78,7.7
565,-34.600,138.917,05,13.33,5.84
566,-34.600,138.917,06,10.22,6.11
567,-34.600,138.917,07,8.44,5.97
568,-34.600,138.917,08,9.67,5.1
569,-34.600,138.917,09,9.44,7.68
570,-34.600,138.917,10,12.67,10.7
571,-34.600,138.917,11,15.0,11.21
572,-34.600,138.917,12,17.11,13.19
573,-34.600,138.917,01,24.56,13.78
574,-34.600,138.917,02,21.78,13.41
575,-34.600,138.917,03,21.0,11.3
576,34.870,-111.760,04,14.78,12.44
577,34.870,-111.760,05,20.56,13.91
578,34.870,-111.760,06,27.11,13.63
579,34.870,-111.760,07,29.0,12.84
580,34.870,-111.760,08,24.33,11.19
581,34.870,-111.760,09,21.78,9.79
582,34.870,-111.760,10,17.56,7.87
583,34.870,-111.760,11,5.67,8.34
584,34.870,-111.760,12,1.67,6.66
585,34.870,-111.760,01,4.44,5.43
586,34.870,-111.760,02,2.56,8.6
587,34.870,-111.760,03,10.11,8.63
588,18.200,-77.517,04,23.11,9.86
589,18.200,-77.517,05,22.78,10.79
590,18.200,-77.517,06,23.56,11.92
591,18.200,-77.517,07,24.89,12.06
592,18.200,-77.517,08,24.67,11.13
593,18.200,-77.517,09,24.0,10.79
594,18.200,-77.517,10,24.0,5.46
595,18.200,-77.517,11,23.67,5.53
596,18.200,-77.517,12,22.0,7.01
597,18.200,-77.517,01,21.56,7.53
598,18.200,-77.517,02,23.22,9.84
599,18.200,-77.517,03,22.11,9.42
600,12.533,-69.983,04,26.0,10.39
601,12.533,-69.983,05,27.0,10.27
602,12.533,-69.983,06,27.0,10.46
603,12.533,-69.983,07,27.0,9.29
604,12.533,-69.983,08,27.89,10.13
605,12.533,-69.983,09,29.0,10.2
606,12.533,-69.983,10,28.0,6.92
607,12.533,-69.983,11,28.0,6.84
608,12.533,-69.983,12,27.0,8.72
609,12.533,-69.983,01,26.0,8.6
610,12.533,-69.983,02,25.67,8.66
611,12.533,-69.983,03,26.0,10.82
612,-35.217,150.450,04,17.22,8.2
613,-35.217,150.450,05,15.78,6.43
614,-35.217,150.450,06,10.67,8.32
615,-35.217,150.450,07,10.11,6.86
616,-35.217,150.450,08,11.78,7.0
617,-35.217,150.450,09,12.67,9.02
618,-35.217,150.450,10,14.33,11.1
619,-35.217,150.450,11,16.0,11.3
620,-35.217,150.450,12,15.89,12.72
621,-35.217,150.450,01,20.56,12.48
622,-35.217,150.450,02,21.11,12.0
623,-35.217,150.450,03,20.22,11.84
624,-34.415,19.246,04,18.11,10.02
625,-34.415,19.246,05,17.11,7.99
626,-34.415,19.246,06,15.56,6.11
627,-34.415,19.246,07,14.67,6.88
628,-34.415,19.246,08,12.89,7.5
629,-34.415,19.246,09,14.44,9.72
630,-34.415,19.246,10,17.33,10.32
631,-34.415,19.246,11,17.78,12.76
632,-34.415,19.246,12,20.78,10.87
633,-34.415,19.246,01,21.33,13.04
634,-34.415,19.246,02,21.0,9.38
635,-34.415,19.246,03,20.0,10.41
636,-33.867,121.900,04,17.22,6.03
637,-33.867,121.900,05,16.11,6.77
638,-33.867,121.900,06,15.0,5.54
639,-33.867,121.900,07,13.22,6.02
640,-33.867,121.900,08,12.89,6.48
641,-33.867,121.900,09,14.33,9.73
642,-33.867,121.900,10,13.56,11.19
643,-33.867,121.900,11,15.33,10.94
644,-33.867,121.900,12,16.44,12.62
645,-33.867,121.900,01,19.11,12.39
646,-33.867,121.900,02,20.0,12.5
647,-33.867,121.900,03,20.11,11.79
648,-16.917,145.767,04,25.33,8.6
649,-16.917,145.767,05,23.89,6.7
650,-16.917,145.767,06,20.56,7.53
651,-16.917,145.767,07,18.56,8.52
652,-16.917,145.767,08,20.56,10.97
653,-16.917,145.767,09,24.0,11.29
654,-16.917,145.767,10,25.78,11.72
655,-16.917,145.767,11,26.22,12.33
656,-16.917,145.767,12,28.0,11.19
657,-16.917,145.767,01,26.11,10.27
658,-16.917,145.767,02,25.89,7.41
659,-16.917,145.767,03,27.0,10.53
660,44.900,6.650,04,4.11,10.93
661,44.900,6.650,05,10.78,8.68
662,44.900,6.650,06,16.11,15.18
663,44.900,6.650,07,17.56,13.73
664,44.900,6.650,08,14.22,9.07
665,44.900,6.650,09,11.11,10.54
666,44.900,6.650,10,8.0,9.02
667,44.900,6.650,11,2.11,8.34
668,44.900,6.650,12,-7.0,4.82
669,44.900,6.650,01,-5.22,6.74
670,44.900,6.650,02,-0.89,10.33
671,44.900,6.650,03,-2.0,9.87
672,-26.683,153.117,04,20.78,6.37
673,-26.683,153.117,05,21.22,5.13
674,-26.683,153.117,06,14.67,6.61
675,-26.683,153.117,07,14.11,7.66
676,-26.683,153.117,08,15.11,7.7
677,-26.683,153.117,09,18.0,9.73
678,-26.683,153.117,10,19.0,8.14
679,-26.683,153.117,11,21.11,13.18
680,-26.683,153.117,12,21.78,11.51
681,-26.683,153.117,01,23.33,11.39
682,-26.683,153.117,02,23.44,11.83
683,-26.683,153.117,03,23.67,11.66
684,-34.433,150.883,04,18.0,6.53
685,-34.433,150.883,05,16.33,6.43
686,-34.433,150.883,06,10.56,8.32
687,-34.433,150.883,07,10.0,7.23
688,-34.433,150.883,08,11.67,7.33
689,-34.433,150.883,09,13.56,9.37
690,-34.433,150.883,10,15.33,10.72
691,-34.433,150.883,11,17.44,12.31
692,-34.433,150.883,12,18.44,12.84
693,-34.433,150.883,01,23.11,12.9
694,-34.433,150.883,02,22.89,11.46
695,-34.433,150.883,03,22.89,11.87
696,51.100,-115.350,04,-8.22,7.83
697,51.100,-115.350,05,3.11,14.27
698,51.100,-115.350,06,9.0,13.18
699,51.100,-115.350,07,16.67,14.93
700,51.100,-115.350,08,19.33,13.51
701,51.100,-115.350,09,11.56,9.4
702,51.100,-115.350,10,7.22,9.31
703,51.100,-115.350,11,-9.0,6.74
704,51.100,-115.350,12,-13.44,3.27
705,51.100,-115.350,01,-6.33,5.89
706,51.100,-115.350,02,-7.78,8.17
707,51.100,-115.350,03,-10.33,9.5
708,44.279,-73.980,04,4.11,8.42
709,44.279,-73.980,05,14.89,12.89
710,44.279,-73.980,06,14.44,11.84
711,44.279,-73.980,07,17.89,12.6
712,44.279,-73.980,08,16.33,11.43
713,44.279,-73.980,09,14.89,8.26
714,44.279,-73.980,10,8.11,9.42
715,44.279,-73.980,11,1.33,5.53
716,44.279,-73.980,12,-4.11,5.91
717,44.279,-73.980,01,-5.0,4.98
718,44.279,-73.980,02,-2.44,7.66
719,44.279,-73.980,03,-2.89,6.69
720,-37.817,144.967,04,17.89,7.34
721,-37.817,144.967,05,14.44,5.98
722,-37.817,144.967,06,11.11,4.4
723,-37.817,144.967,07,10.11,5.92
724,-37.817,144.967,08,11.44,4.79
725,-37.817,144.967,09,11.11,7.52
726,-37.817,144.967,10,13.0,11.02
727,-37.817,144.967,11,15.11,10.7
728,-37.817,144.967,12,15.33,12.18
729,-37.817,144.967,01,21.89,13.29
730,-37.817,144.967,02,21.33,12.93
731,-37.817,144.967,03,19.22,10.83
732,-31.933,115.883,04,18.89,8.39
733,-31.933,115.883,05,17.22,6.23
734,-31.933,115.883,06,17.0,4.71
735,-31.933,115.883,07,15.11,6.33
736,-31.933,115.883,08,14.22,7.17
737,-31.933,115.883,09,15.22,8.79
738,-31.933,115.883,10,15.11,12.43
739,-31.933,115.883,11,16.89,12.29
740,-31.933,115.883,12,22.0,13.69
741,-31.933,115.883,01,23.44,13.87
742,-31.933,115.883,02,23.0,13.5
743,-31.933,115.883,03,22.44,11.29
744,51.477,-2.570,04,10.56,8.22
745,51.477,-2.570,05,13.33,12.24
746,51.477,-2.570,06,15.89,16.09
747,51.477,-2.570,07,21.22,16.06
748,51.477,-2.570,08,22.56,12.53
749,51.477,-2.570,09,14.89,9.31
750,51.477,-2.570,10,12.22,8.44
751,51.477,-2.570,11,11.11,5.92
752,51.477,-2.570,12,0.44,3.69
753,51.477,-2.570,01,5.78,2.87
754,51.477,-2.570,02,7.33,8.1
755,51.477,-2.570,03,7.11,6.41
756,44.833,-0.567,04,14.89,10.49
757,44.833,-0.567,05,20.11,13.59
758,44.833,-0.567,06,24.89,14.06
759,44.833,-0.567,07,28.0,14.39
760,44.833,-0.567,08,23.22,12.39
761,44.833,-0.567,09,21.78,11.46
762,44.833,-0.567,10,19.0,8.71
763,44.833,-0.567,11,15.11,7.39
764,44.833,-0.567,12,7.44,6.1
765,44.833,-0.567,01,10.56,4.19
766,44.833,-0.567,02,9.33,9.11
767,44.833,-0.567,03,12.67,8.28
768,27.183,78.017,04,34.0,12.87
769,27.183,78.017,05,37.11,13.37
770,27.183,78.017,06,37.0,13.58
771,27.183,78.017,07,34.0,11.3
772,27.183,78.017,08,29.67,10.57
773,27.183,78.017,09,28.78,8.24
774,27.183,78.017,10,26.0,7.56
775,27.183,78.017,11,22.67,8.53
776,27.183,78.017,12,18.44,8.7
777,27.183,78.017,01,14.33,8.17
778,27.183,78.017,02,19.67,11.53
779,27.183,78.017,03,28.67,11.44
780,39.191,-106.817,04,-0.78,8.39
781,39.191,-106.817,05,8.11,14.02
782,39.191,-106.817,06,15.56,13.58
783,39.191,-106.817,07,17.89,13.33
784,39.191,-106.817,08,16.0,10.3
785,39.191,-106.817,09,12.67,9.71
786,39.191,-106.817,10,7.89,10.9
787,39.191,-106.817,11,-8.89,6.7
788,39.191,-106.817,12,-11.22,6.39
789,39.191,-106.817,01,-5.44,7.09
790,39.191,-106.817,02,-8.33,8.71
791,39.191,-106.817,03,-4.89,8.14
792,55.400,10.383,04,6.67,10.33
793,55.400,10.383,05,12.44,14.74
794,55.400,10.383,06,15.44,15.67
795,55.400,10.383,07,16.78,15.77
796,55.400,10.383,08,21.0,13.94
797,55.400,10.383,09,14.67,8.87
798,55.400,10.383,10,12.0,7.46
799,55.400,10.383,11,10.22,6.27
800,55.400,10.383,12,-0.78,3.58
801,55.400,10.383,01,4.56,2.82
802,55.400,10.383,02,5.0,7.99
803,55.400,10.383,03,3.67,6.87
804,-34.933,138.600,04,19.78,8.03
805,-34.933,138.600,05,15.0,6.0
806,-34.933,138.600,06,12.0,5.73
807,-34.933,138.600,07,9.89,5.77
808,-34.933,138.600,08,10.78,4.56
809,-34.933,138.600,09,11.56,8.16
810,-34.933,138.600,10,14.11,10.97
811,-34.933,138.600,11,16.22,11.16
812,-34.933,138.600,12,18.56,13.67
813,-34.933,138.600,01,24.56,13.66
814,-34.933,138.600,02,22.56,13.29
815,-34.933,138.600,03,21.22,11.6
816,51.633,-3.959,04,10.11,8.26
817,51.633,-3.959,05,12.56,12.82
818,51.633,-3.959,06,14.67,15.64
819,51.633,-3.959,07,18.78,16.14
820,51.633,-3.959,08,20.56,11.49
821,51.633,-3.959,09,15.11,9.88
822,51.633,-3.959,10,12.89,7.32
823,51.633,-3.959,11,12.0,5.31
824,51.633,-3.959,12,3.33,3.69
825,51.633,-3.959,01,6.67,2.23
826,51.633,-3.959,02,8.11,7.54
827,51.633,-3.959,03,7.33,7.82
828,32.783,-96.800,04,21.33,9.17
829,32.783,-96.800,05,29.56,11.33
830,32.783,-96.800,06,32.89,11.09
831,32.783,-96.800,07,34.67,11.48
832,32.783,-96.800,08,32.0,11.07
833,32.783,-96.800,09,27.67,11.29
834,32.783,-96.800,10,23.56,9.9
835,32.783,-96.800,11,9.89,8.86
836,32.783,-96.800,12,12.11,8.52
837,32.783,-96.800,01,15.67,9.7
838,32.783,-96.800,02,10.22,10.36
839,32.783,-96.800,03,13.89,10.2
840,27.800,-97.396,04,23.22,9.22
841,27.800,-97.396,05,26.89,11.33
842,27.800,-97.396,06,28.89,11.47
843,27.800,-97.396,07,29.56,11.08
844,27.800,-97.396,08,28.89,9.4
845,27.800,-97.396,09,28.56,9.46
846,27.800,-97.396,10,26.33,9.14
847,27.800,-97.396,11,17.67,7.84
848,27.800,-97.396,12,19.56,8.61
849,27.800,-97.396,01,19.22,9.43
850,27.800,-97.396,02,15.44,9.78
851,27.800,-97.396,03,19.22,8.18
852,-22.250,114.083,04,26.22,10.96
853,-22.250,114.083,05,23.11,7.34
854,-22.250,114.083,06,23.22,7.12
855,-22.250,114.083,07,20.0,8.7
856,-22.250,114.083,08,20.44,10.31
857,-22.250,114.083,09,21.33,10.98
858,-22.250,114.083,10,21.33,12.74
859,-22.250,114.083,11,21.78,12.98
860,-22.250,114.083,12,25.33,13.7
861,-22.250,114.083,01,27.56,13.57
862,-22.250,114.083,02,29.78,11.6
863,-22.250,114.083,03,28.67,11.6
864,25.790,-80.130,04,24.89,9.71
865,25.790,-80.130,05,26.11,9.0
866,25.790,-80.130,06,28.67,9.53
867,25.790,-80.130,07,29.33,8.72
868,25.790,-80.130,08,29.22,9.49
869,25.790,-80.130,09,28.67,7.48
870,25.790,-80.130,10,27.44,7.79
871,25.790,-80.130,11,25.33,8.91
872,25.790,-80.130,12,23.78,8.3
873,25.790,-80.130,01,19.67,9.96
874,25.790,-80.130,02,23.22,9.33
875,25.790,-80.130,03,23.89,9.73
876,38.297,-122.284,04,10.22,10.04
877,38.297,-122.284,05,16.44,13.23
878,38.297,-122.284,06,21.11,13.93
879,38.297,-122.284,07,22.89,14.48
880,38.297,-122.284,08,23.78,11.6
881,38.297,-122.284,09,18.67,10.43
882,38.297,-122.284,10,17.56,11.16
883,38.297,-122.284,11,9.44,8.69
884,38.297,-122.284,12,6.0,6.78
885,38.297,-122.284,01,8.0,5.84
886,38.297,-122.284,02,7.33,9.47
887,38.297,-122.284,03,8.89,7.52
888,35.601,-82.554,04,12.78,9.69
889,35.601,-82.554,05,17.56,10.33
890,35.601,-82.554,06,23.22,11.11
891,35.601,-82.554,07,21.89,9.23
892,35.601,-82.554,08,21.0,8.68
893,35.601,-82.554,09,18.67,10.1
894,35.601,-82.554,10,13.22,10.4
895,35.601,-82.554,11,5.22,7.52
896,35.601,-82.554,12,5.11,8.06
897,35.601,-82.554,01,4.78,8.69
898,35.601,-82.554,02,6.67,8.13
899,35.601,-82.554,03,4.44,9.88
900,-18.017,179.250,04,26.78,6.23
901,-18.017,179.250,05,24.11,4.7
902,-18.017,179.250,06,24.89,6.5
903,-18.017,179.250,07,24.78,4.37
904,-18.017,179.250,08,23.78,4.7
905,-18.017,179.250,09,24.78,6.48
906,-18.017,179.250,10,24.33,9.92
907,-18.017,179.250,11,25.22,9.68
908,-18.017,179.250,12,25.78,10.13
909,-18.017,179.250,01,26.11,10.54
910,-18.017,179.250,02,26.22,8.72
911,-18.017,179.250,03,25.78,7.14
912,30.267,-97.743,04,23.89,8.53
913,30.267,-97.743,05,28.67,11.07
914,30.267,-97.743,06,31.78,11.36
915,30.267,-97.743,07,32.67,10.8
916,30.267,-97.743,08,30.33,10.26
917,30.267,-97.743,09,28.33,10.37
918,30.267,-97.743,10,24.67,10.26
919,30.267,-97.743,11,12.22,9.0
920,30.267,-97.743,12,14.67,7.48
921,30.267,-97.743,01,16.78,9.77
922,30.267,-97.743,02,11.78,9.9
923,30.267,-97.743,03,15.89,9.42
924,59.894,30.264,04,2.78,11.89
925,59.894,30.264,05,8.44,14.51
926,59.894,30.264,06,14.67,15.42
927,59.894,30.264,07,16.89,15.0
928,59.894,30.264,08,20.67,14.64
929,59.894,30.264,09,10.67,8.04
930,59.894,30.264,10,8.67,5.92
931,59.894,30.264,11,4.11,4.33
932,59.894,30.264,12,-8.11,2.69
933,59.894,30.264,01,-0.22,1.7
934,59.894,30.264,02,-3.0,4.19
935,59.894,30.264,03,-2.67,7.54
936,13.817,-60.900,04,26.11,10.91
937,13.817,-60.900,05,26.56,11.22
938,13.817,-60.900,06,26.78,10.88
939,13.817,-60.900,07,26.89,10.71
940,13.817,-60.900,08,27.44,10.26
941,13.817,-60.900,09,28.0,10.43
942,13.817,-60.900,10,27.22,8.02
943,13.817,-60.900,11,26.67,6.37
944,13.817,-60.900,12,25.56,7.7
945,13.817,-60.900,01,25.0,6.2
946,13.817,-60.900,02,25.11,8.46
947,13.817,-60.900,03,25.56,10.82
948,33.509,-111.898,04,23.22,12.34
949,33.509,-111.898,05,28.44,13.76
950,33.509,-111.898,06,35.89,13.86
951,33.509,-111.898,07,37.44,13.79
952,33.509,-111.898,08,33.0,12.01
953,33.509,-111.898,09,30.22,11.0
954,33.509,-111.898,10,25.78,8.02
955,33.509,-111.898,11,13.44,8.34
956,33.509,-111.898,12,8.44,6.67
957,33.509,-111.898,01,11.56,5.8
958,33.509,-111.898,02,10.56,9.22
959,33.509,-111.898,03,18.67,10.51
960,24.717,-77.983,04,24.33,9.43
961,24.717,-77.983,05,25.44,7.98
962,24.717,-77.983,06,27.78,9.91
963,24.717,-77.983,07,28.67,8.82
964,24.717,-77.983,08,28.67,9.21
965,24.717,-77.983,09,28.89,8.07
966,24.717,-77.983,10,27.67,7.17
967,24.717,-77.983,11,26.44,7.57
968,24.717,-77.983,12,24.44,8.29
969,24.717,-77.983,01,22.22,9.39
970,24.717,-77.983,02,23.78,9.67
971,24.717,-77.983,03,23.44,9.42
972,46.500,9.833,04,0.89,11.07
973,46.500,9.833,05,7.67,11.77
974,46.500,9.833,06,11.67,15.57
975,46.500,9.833,07,13.11,15.53
976,46.500,9.833,08,11.78,9.47
977,46.500,9.833,09,6.33,8.64
978,46.500,9.833,10,5.0,9.28
979,46.500,9.833,11,-0.67,6.19
980,46.500,9.833,12,-10.33,5.87
981,46.500,9.833,01,-8.67,5.13
982,46.500,9.833,02,-2.0,10.16
983,46.500,9.833,03,-3.33,9.56
984,-8.510,115.265,04,26.0,8.02
985,-8.510,115.265,05,25.78,8.92
986,-8.510,115.265,06,24.89,7.3
987,-8.510,115.265,07,23.22,6.06
988,-8.510,115.265,08,24.33,7.54
989,-8.510,115.265,09,24.56,8.18
990,-8.510,115.265,10,24.78,9.58
991,-8.510,115.265,11,25.0,9.7
992,-8.510,115.265,12,25.78,10.99
993,-8.510,115.265,01,25.44,7.99
994,-8.510,115.265,02,24.78,7.66
995,-8.510,115.265,03,25.44,9.58
996,-26.383,153.033,04,20.78,5.88
997,-26.383,153.033,05,21.22,5.29
998,-26.383,153.033,06,14.56,7.48
999,-26.383,153.033,07,13.89,7.12
1000,-26.383,153.033,08,15.22,7.87
1001,-26.383,153.033,09,18.56,9.73
1002,-26.383,153.033,10,19.56,7.86
1003,-26.383,153.033,11,21.33,13.13
1004,-26.383,153.033,12,22.22,11.66
1005,-26.383,153.033,01,23.89,10.96
1006,-26.383,153.033,02,24.22,11.82
1007,-26.383,153.033,03,24.56,11.12
1008,38.900,1.433,04,16.0,9.9
1009,38.900,1.433,05,20.89,12.77
1010,38.900,1.433,06,26.78,14.5
1011,38.900,1.433,07,28.22,14.5
1012,38.900,1.433,08,29.22,11.06
1013,38.900,1.433,09,27.22,10.28
1014,38.900,1.433,10,22.89,10.29
1015,38.900,1.433,11,20.22,8.69
1016,38.900,1.433,12,16.22,5.42
1017,38.900,1.433,01,14.56,7.76
1018,38.900,1.433,02,12.56,10.4
1019,38.900,1.433,03,16.11,11.23
1020,-20.268,148.715,04,25.89,5.6
1021,-20.268,148.715,05,23.89,6.03
1022,-20.268,148.715,06,20.0,7.68
1023,-20.268,148.715,07,18.56,7.86
1024,-20.268,148.715,08,20.11,8.03
1025,-20.268,148.715,09,22.22,9.02
1026,-20.268,148.715,10,24.22,10.51
1027,-20.268,148.715,11,25.44,12.69
1028,-20.268,148.715,12,27.22,10.48
1029,-20.268,148.715,01,25.78,9.46
1030,-20.268,148.715,02,27.11,11.88
1031,-20.268,148.715,03,27.89,10.21
1032,13.750,100.517,04,31.56,10.84
1033,13.750,100.517,05,29.33,9.99
1034,13.750,100.517,06,30.44,12.39
1035,13.750,100.517,07,28.11,10.3
1036,13.750,100.517,08,27.67,8.58
1037,13.750,100.517,09,28.0,8.37
1038,13.750,100.517,10,25.89,6.83
1039,13.750,100.517,11,29.0,6.87
1040,13.750,100.517,12,26.11,8.2
1041,13.750,100.517,01,28.11,10.32
1042,13.750,100.517,02,28.89,10.66
1043,13.750,100.517,03,30.33,10.98
1044,28.600,77.200,04,33.78,12.71
1045,28.600,77.200,05,37.33,13.63
1046,28.600,77.200,06,36.78,13.13
1047,28.600,77.200,07,32.89,10.24
1048,28.600,77.200,08,30.0,11.26
1049,28.600,77.200,09,30.0,9.32
1050,28.600,77.200,10,25.44,7.72
1051,28.600,77.200,11,22.33,8.36
1052,28.600,77.200,12,18.33,8.7
1053,28.600,77.200,01,13.89,8.34
1054,28.600,77.200,02,19.56,11.23
1055,28.600,77.200,03,28.78,11.13
1056,38.717,-9.133,04,15.33,10.49
1057,38.717,-9.133,05,19.11,10.97
1058,38.717,-9.133,06,21.11,13.82
1059,38.717,-9.133,07,23.78,13.94
1060,38.717,-9.133,08,21.11,11.47
1061,38.717,-9.133,09,21.33,9.34
1062,38.717,-9.133,10,19.44,10.06
1063,38.717,-9.133,11,17.22,7.44
1064,38.717,-9.133,12,15.44,6.5
1065,38.717,-9.133,01,13.44,7.5
1066,38.717,-9.133,02,13.0,9.11
1067,38.717,-9.133,03,15.11,10.36
1068,41.383,2.183,04,15.0,9.64
1069,41.383,2.183,05,19.89,13.73
1070,41.383,2.183,06,25.44,14.39
1071,41.383,2.183,07,27.33,14.5
1072,41.383,2.183,08,27.44,10.51
1073,41.383,2.183,09,25.11,8.91
1074,41.383,2.183,10,21.44,10.64
1075,41.383,2.183,11,17.78,9.21
1076,41.383,2.183,12,12.11,5.18
1077,41.383,2.183,01,11.89,7.73
1078,41.383,2.183,02,10.33,9.91
1079,41.383,2.183,03,14.22,10.76
1080,-34.471,-58.529,04,18.0,10.13
1081,-34.471,-58.529,05,13.56,8.99
1082,-34.471,-58.529,06,10.22,7.97
1083,-34.471,-58.529,07,11.33,8.82
1084,-34.471,-58.529,08,13.0,9.83
1085,-34.471,-58.529,09,15.0,10.18
1086,-34.471,-58.529,10,16.33,10.76
1087,-34.471,-58.529,11,23.22,12.98
1088,-34.471,-58.529,12,23.89,13.66
1089,-34.471,-58.529,01,28.0,14.09
1090,-34.471,-58.529,02,25.56,9.94
1091,-34.471,-58.529,03,29.33,9.98
1092,47.500,19.083,04,9.33,11.59
1093,47.500,19.083,05,19.22,13.39
1094,47.500,19.083,06,21.11,13.7
1095,47.500,19.083,07,22.89,14.18
1096,47.500,19.083,08,25.78,13.62
1097,47.500,19.083,09,17.44,9.21
1098,47.500,19.083,10,14.56,9.42
1099,47.500,19.083,11,9.22,6.81
1100,47.500,19.083,12,1.22,5.66
1101,47.500,19.083,01,5.11,5.32
1102,47.500,19.083,02,3.89,9.39
1103,47.500,19.083,03,7.56,9.96
1104,18.975,72.826,04,30.89,11.3
1105,18.975,72.826,05,31.33,11.46
1106,18.975,72.826,06,29.56,8.53
1107,18.975,72.826,07,25.89,6.58
1108,18.975,72.826,08,26.33,6.72
1109,18.975,72.826,09,26.0,6.54
1110,18.975,72.826,10,27.22,8.78
1111,18.975,72.826,11,27.0,11.56
1112,18.975,72.826,12,27.56,10.47
1113,18.975,72.826,01,23.44,11.06
1114,18.975,72.826,02,28.22,11.31
1115,18.975,72.826,03,31.11,11.6
1116,41.019,28.965,04,10.78,9.37
1117,41.019,28.965,05,17.22,14.14
1118,41.019,28.965,06,22.0,13.03
1119,41.019,28.965,07,24.11,13.93
1120,41.019,28.965,08,26.33,10.58
1121,41.019,28.965,09,24.0,10.59
1122,41.019,28.965,10,17.44,8.37
1123,41.019,28.965,11,14.11,6.86
1124,41.019,28.965,12,13.33,5.96
1125,41.019,28.965,01,10.33,7.12
1126,41.019,28.965,02,5.44,8.93
1127,41.019,28.965,03,9.33,8.63
1128,44.433,26.100,04,10.44,9.17
1129,44.433,26.100,05,18.89,12.53
1130,44.433,26.100,06,21.44,14.28
1131,44.433,26.100,07,24.78,14.86
1132,44.433,26.100,08,25.89,9.81
1133,44.433,26.100,09,21.78,11.02
1134,44.433,26.100,10,14.44,10.16
1135,44.433,26.100,11,9.78,7.18
1136,44.433,26.100,12,5.44,6.51
1137,44.433,26.100,01,5.56,6.51
1138,44.433,26.100,02,2.11,9.78
1139,44.433,26.100,03,9.44,9.72
1140,7.883,98.400,04,29.0,8.69
1141,7.883,98.400,05,28.78,7.04
1142,7.883,98.400,06,28.22,7.52
1143,7.883,98.400,07,28.11,7.22
1144,7.883,98.400,08,28.56,8.26
1145,7.883,98.400,09,28.0,8.2
1146,7.883,98.400,10,27.11,7.56
1147,7.883,98.400,11,27.11,7.03
1148,7.883,98.400,12,26.33,7.18
1149,7.883,98.400,01,27.11,9.57
1150,7.883,98.400,02,27.78,10.04
1151,7.883,98.400,03,26.67,11.6
1152,18.790,98.982,04,30.89,10.84
1153,18.790,98.982,05,27.11,10.74
1154,18.790,98.982,06,26.67,10.5
1155,18.790,98.982,07,26.44,10.5
1156,18.790,98.982,08,24.89,6.98
1157,18.790,98.982,09,24.44,6.56
1158,18.790,98.982,10,24.22,7.66
1159,18.790,98.982,11,24.56,7.53
1160,18.790,98.982,12,22.78,7.7
1161,18.790,98.982,01,22.78,11.12
1162,18.790,98.982,02,24.44,10.49
1163,18.790,98.982,03,28.44,10.36
1164,40.400,-3.683,04,14.89,10.62
1165,40.400,-3.683,05,21.44,14.33
1166,40.400,-3.683,06,29.67,14.06
1167,40.400,-3.683,07,31.89,14.49
1168,40.400,-3.683,08,26.44,13.44
1169,40.400,-3.683,09,22.78,10.14
1170,40.400,-3.683,10,18.89,9.48
1171,40.400,-3.683,11,12.44,6.47
1172,40.400,-3.683,12,9.44,4.4
1173,40.400,-3.683,01,6.44,6.83
1174,40.400,-3.683,02,7.0,7.99
1175,40.400,-3.683,03,14.11,11.44
1176,-6.215,106.845,04,27.56,8.49
1177,-6.215,106.845,05,28.22,8.96
1178,-6.215,106.845,06,26.44,7.57
1179,-6.215,106.845,07,26.33,6.42
1180,-6.215,106.845,08,27.22,8.36
1181,-6.215,106.845,09,26.78,8.33
1182,-6.215,106.845,10,27.11,8.21
1183,-6.215,106.845,11,26.56,7.64
1184,-6.215,106.845,12,27.44,10.41
1185,-6.215,106.845,01,27.78,11.19
1186,-6.215,106.845,02,26.22,10.07
1187,-6.215,106.845,03,27.33,9.88
1188,-23.533,-46.617,04,19.44,5.88
1189,-23.533,-46.617,05,17.44,6.67
1190,-23.533,-46.617,06,16.22,7.0
1191,-23.533,-46.617,07,20.33,8.02
1192,-23.533,-46.617,08,18.56,7.87
1193,-23.533,-46.617,09,17.67,8.82
1194,-23.533,-46.617,10,21.11,9.97
1195,-23.533,-46.617,11,21.44,11.56
1196,-23.533,-46.617,12,21.78,10.24
1197,-23.533,-46.617,01,23.33,9.39
1198,-23.533,-46.617,02,23.33,9.92
1199,-23.533,-46.617,03,22.0,8.54
1200,-22.900,-43.233,04,23.22,6.06
1201,-22.900,-43.233,05,21.67,5.99
1202,-22.900,-43.233,06,19.67,6.66
1203,-22.900,-43.233,07,22.78,8.02
1204,-22.900,-43.233,08,21.44,7.53
1205,-22.900,-43.233,09,20.89,8.64
1206,-22.900,-43.233,10,23.78,10.54
1207,-22.900,-43.233,11,24.11,11.53
1208,-22.900,-43.233,12,24.78,11.23
1209,-22.900,-43.233,01,26.44,12.12
1210,-22.900,-43.233,02,26.33,10.86
1211,-22.900,-43.233,03,24.89,12.01
1212,42.683,23.317,04,7.44,9.99
1213,42.683,23.317,05,15.78,9.4
1214,42.683,23.317,06,16.56,14.03
1215,42.683,23.317,07,19.22,14.61
1216,42.683,23.317,08,19.89,9.04
1217,42.683,23.317,09,17.78,9.94
1218,42.683,23.317,10,11.67,9.73
1219,42.683,23.317,11,8.0,9.16
1220,42.683,23.317,12,6.67,5.76
1221,42.683,23.317,01,2.22,6.98
1222,42.683,23.317,02,0.56,9.92
1223,42.683,23.317,03,4.11,9.56
1224,19.429,-99.128,04,21.89,11.44
1225,19.429,-99.128,05,21.11,11.77
1226,19.429,-99.128,06,18.0,11.17
1227,19.429,-99.128,07,17.56,7.42
1228,19.429,-99.128,08,16.56,7.13
1229,19.429,-99.128,09,16.0,7.63
1230,19.429,-99.128,10,16.33,8.46
1231,19.429,-99.128,11,17.22,8.7
1232,19.429,-99.128,12,15.33,10.39
1233,19.429,-99.128,01,15.0,10.32
1234,19.429,-99.128,02,16.56,11.03
1235,19.429,-99.128,03,17.89,10.51
1236,21.033,105.850,04,22.56,9.78
1237,21.033,105.850,05,24.33,9.57
1238,21.033,105.850,06,26.89,10.77
1239,21.033,105.850,07,28.67,9.77
1240,21.033,105.850,08,27.11,9.37
1241,21.033,105.850,09,26.44,9.91
1242,21.033,105.850,10,22.78,10.97
1243,21.033,105.850,11,24.78,5.37
1244,21.033,105.850,12,16.44,7.17
1245,21.033,105.850,01,17.78,4.96
1246,21.033,105.850,02,19.33,4.2
1247,21.033,105.850,03,22.11,8.18
1248,50.083,19.917,04,6.0,10.71
1249,50.083,19.917,05,15.0,13.24
1250,50.083,19.917,06,17.0,12.76
1251,50.083,19.917,07,16.89,12.9
1252,50.083,19.917,08,20.67,12.46
1253,50.083,19.917,09,13.78,7.92
1254,50.083,19.917,10,12.11,7.61
1255,50.083,19.917,11,5.78,6.17
1256,50.083,19.917,12,-4.56,3.57
1257,50.083,19.917,01,3.89,4.47
1258,50.083,19.917,02,2.11,6.43
1259,50.083,19.917,03,5.67,8.88
1260,3.167,101.700,04,26.56,7.56
1261,3.167,101.700,05,26.56,8.23
1262,3.167,101.700,06,25.67,7.62
1263,3.167,101.700,07,27.0,8.68
1264,3.167,101.700,08,26.44,8.66
1265,3.167,101.700,09,25.78,8.96
1266,3.167,101.700,10,25.67,8.63
1267,3.167,101.700,11,25.22,7.87
1268,3.167,101.700,12,24.22,7.09
1269,3.167,101.700,01,25.33,8.64
1270,3.167,101.700,02,25.22,8.18
1271,3.167,101.700,03,25.56,11.13
1272,10.750,106.667,04,29.11,10.83
1273,10.750,106.667,05,29.33,10.02
1274,10.750,106.667,06,29.0,11.03
1275,10.750,106.667,07,26.11,8.72
1276,10.750,106.667,08,27.33,10.23
1277,10.750,106.667,09,26.78,7.28
1278,10.750,106.667,10,25.0,7.87
1279,10.750,106.667,11,26.89,8.73
1280,10.750,106.667,12,26.11,7.69
1281,10.750,106.667,01,26.56,6.38
1282,10.750,106.667,02,28.22,11.13
1283,10.750,106.667,03,28.56,11.79
1284,1.293,103.856,04,27.78,7.09
1285,1.293,103.856,05,28.67,8.34
1286,1.293,103.856,06,27.33,7.27
1287,1.293,103.856,07,28.0,8.96
1288,1.293,103.856,08,28.33,7.58
1289,1.293,103.856,09,27.0,7.72
1290,1.293,103.856,10,27.11,8.02
1291,1.293,103.856,11,26.67,7.56
1292,1.293,103.856,12,25.33,7.69
1293,1.293,103.856,01,27.0,7.56
1294,1.293,103.856,02,26.78,8.02
1295,1.293,103.856,03,26.56,9.11
1296,44.804,20.465,04,9.89,11.81
1297,44.804,20.465,05,19.67,13.64
1298,44.804,20.465,06,21.78,13.26
1299,44.804,20.465,07,24.0,14.39
1300,44.804,20.465,08,24.78,12.92
1301,44.804,20.465,09,19.11,9.34
1302,44.804,20.465,10,15.11,8.18
1303,44.804,20.465,11,11.0,6.81
1304,44.804,20.465,12,4.56,5.58
1305,44.804,20.465,01,6.78,5.17
1306,44.804,20.465,02,3.78,8.61
1307,44.804,20.465,03,8.11,9.84
1308,50.083,14.467,04,7.56,9.86
1309,50.083,14.467,05,16.44,13.51
1310,50.083,14.467,06,18.67,16.03
1311,50.083,14.467,07,17.33,15.41
1312,50.083,14.467,08,22.56,12.96
1313,50.083,14.467,09,13.89,8.13
1314,50.083,14.467,10,12.33,9.51
1315,50.083,14.467,11,7.0,6.74
1316,50.083,14.467,12,-3.67,5.8
1317,50.083,14.467,01,3.67,4.88
1318,50.083,14.467,02,4.11,7.24
1319,50.083,14.467,03,5.0,9.03
1320,13.367,103.850,04,29.56,11.39
1321,13.367,103.850,05,27.78,10.27
1322,13.367,103.850,06,29.11,11.97
1323,13.367,103.850,07,26.56,9.49
1324,13.367,103.850,08,27.11,10.11
1325,13.367,103.850,09,27.0,9.16
1326,13.367,103.850,10,24.33,8.18
1327,13.367,103.850,11,27.89,7.53
1328,13.367,103.850,12,24.78,7.87
1329,13.367,103.850,01,25.78,7.2
1330,13.367,103.850,02,28.22,10.33
1331,13.367,103.850,03,29.56,11.6
1332,41.150,-8.617,04,14.56,9.94
1333,41.150,-8.617,05,18.11,9.63
1334,41.150,-8.617,06,22.44,13.27
1335,41.150,-8.617,07,24.67,14.17
1336,41.150,-8.617,08,20.0,10.31
1337,41.150,-8.617,09,21.22,9.04
1338,41.150,-8.617,10,18.89,9.11
1339,41.150,-8.617,11,15.33,7.02
1340,41.150,-8.617,12,12.44,7.7
1341,41.150,-8.617,01,11.67,7.22
1342,41.150,-8.617,02,12.11,10.59
1343,41.150,-8.617,03,13.44,8.79
1344,39.467,-0.367,04,15.11,9.9
1345,39.467,-0.367,05,20.44,14.38
1346,39.467,-0.367,06,26.0,14.5
1347,39.467,-0.367,07,28.44,14.5
1348,39.467,-0.367,08,28.67,12.03
1349,39.467,-0.367,09,25.33,9.72
1350,39.467,-0.367,10,21.56,9.67
1351,39.467,-0.367,11,18.22,8.52
1352,39.467,-0.367,12,14.67,6.77
1353,39.467,-0.367,01,13.0,8.14
1354,39.467,-0.367,02,9.89,8.6
1355,39.467,-0.367,03,16.89,11.29
1356,50.433,30.517,04,6.67,8.58
1357,50.433,30.517,05,13.56,12.86
1358,50.433,30.517,06,19.89,16.43
1359,50.433,30.517,07,17.78,15.34
1360,50.433,30.517,08,22.44,11.81
1361,50.433,30.517,09,13.22,7.29
1362,50.433,30.517,10,9.67,10.17
1363,50.433,30.517,11,5.22,5.93
1364,50.433,30.517,12,0.11,3.21
1365,50.433,30.517,01,-0.44,5.27
1366,50.433,30.517,02,-0.89,7.59
1367,50.433,30.517,03,4.78,9.47
1368,34.052,-118.243,04,16.89,11.46
1369,34.052,-118.243,05,20.33,13.81
1370,34.052,-118.243,06,23.11,14.5
1371,34.052,-118.243,07,25.22,14.26
1372,34.052,-118.243,08,27.89,11.6
1373,34.052,-118.243,09,24.0,10.88
1374,34.052,-118.243,10,21.56,10.41
1375,34.052,-118.243,11,14.67,8.52
1376,34.052,-118.243,12,11.33,7.4
1377,34.052,-118.243,01,12.22,8.27
1378,34.052,-118.243,02,12.22,9.88
1379,34.052,-118.243,03,14.0,9.5
1380,55.752,37.616,04,4.44,10.22
1381,55.752,37.616,05,10.22,11.74
1382,55.752,37.616,06,17.33,15.49
1383,55.752,37.616,07,18.89,15.14
1384,55.752,37.616,08,21.89,14.19
1385,55.752,37.616,09,11.78,10.31
1386,55.752,37.616,10,6.89,7.09
1387,55.752,37.616,11,1.89,3.96
1388,55.752,37.616,12,-3.0,2.86
1389,55.752,37.616,01,-6.11,4.3
1390,55.752,37.616,02,-5.89,4.93
1391,55.752,37.616,03,-2.22,7.33
1392,15.879,108.335,04,24.33,11.97
1393,15.879,108.335,05,26.44,10.73
1394,15.879,108.335,06,28.33,12.56
1395,15.879,108.335,07,27.56,11.04
1396,15.879,108.335,08,27.22,11.96
1397,15.879,108.335,09,26.89,9.44
1398,15.879,108.335,10,24.44,8.0
1399,15.879,108.335,11,24.78,7.11
1400,15.879,108.335,12,21.0,4.2
1401,15.879,108.335,01,22.11,6.03
1402,15.879,108.335,02,23.0,6.73
1403,15.879,108.335,03,21.56,9.58
1404,6.932,79.848,04,27.22,7.32
1405,6.932,79.848,05,27.44,8.19
1406,6.932,79.848,06,26.44,8.83
1407,6.932,79.848,07,27.0,7.81
1408,6.932,79.848,08,26.89,9.16
1409,6.932,79.848,09,26.56,7.11
1410,6.932,79.848,10,25.56,6.62
1411,6.932,79.848,11,25.78,7.06
1412,6.932,79.848,12,25.89,6.91
1413,6.932,79.848,01,25.33,9.87
1414,6.932,79.848,02,26.11,10.2
1415,6.932,79.848,03,27.0,8.8
1416,37.566,127.000,04,13.89,11.63
1417,37.566,127.000,05,17.89,13.6
1418,37.566,127.000,06,22.11,13.12
1419,37.566,127.000,07,25.22,10.19
1420,37.566,127.000,08,25.0,10.78
1421,37.566,127.000,09,23.56,9.63
1422,37.566,127.000,10,13.33,8.52
1423,37.566,127.000,11,11.44,7.07
1424,37.566,127.000,12,-2.67,6.83
1425,37.566,127.000,01,1.11,7.03
1426,37.566,127.000,02,3.0,8.34
1427,37.566,127.000,03,8.33,9.58
1428,36.175,-115.136,04,19.0,11.46
1429,36.175,-115.136,05,25.0,13.78
1430,36.175,-115.136,06,32.44,14.44
1431,36.175,-115.136,07,36.89,13.93
1432,36.175,-115.136,08,32.67,11.93
1433,36.175,-115.136,09,28.89,10.53
1434,36.175,-115.136,10,25.67,11.09
1435,36.175,-115.136,11,10.56,7.98
1436,36.175,-115.136,12,6.67,8.33
1437,36.175,-115.136,01,9.22,6.87
1438,36.175,-115.136,02,9.0,10.01
1439,36.175,-115.136,03,15.56,11.13
1440,-33.450,-70.667,04,17.56,10.89
1441,-33.450,-70.667,05,15.89,8.52
1442,-33.450,-70.667,06,11.67,7.4
1443,-33.450,-70.667,07,6.78,5.26
1444,-33.450,-70.667,08,10.56,9.44
1445,-33.450,-70.667,09,11.89,10.04
1446,-33.450,-70.667,10,16.56,12.02
1447,-33.450,-70.667,11,18.89,13.31
1448,-33.450,-70.667,12,24.22,14.2
1449,-33.450,-70.667,01,22.22,14.01
1450,-33.450,-70.667,02,24.56,11.6
1451,-33.450,-70.667,03,23.22,11.6
1452,37.775,-122.418,04,10.56,10.32
1453,37.775,-122.418,05,12.89,12.51
1454,37.775,-122.418,06,15.0,14.16
1455,37.775,-122.418,07,16.11,13.51
1456,37.775,-122.418,08,17.56,11.6
1457,37.775,-122.418,09,16.33,10.87
1458,37.775,-122.418,10,15.44,11.06
1459,37.775,-122.418,11,11.44,9.22
1460,37.775,-122.418,12,8.89,6.78
1461,37.775,-122.418,01,11.33,6.04
1462,37.775,-122.418,02,9.56,9.61
1463,37.775,-122.418,03,11.11,7.83
1464,52.517,13.400,04,8.22,9.88
1465,52.517,13.400,05,16.78,12.71
1466,52.517,13.400,06,19.78,16.23
1467,52.517,13.400,07,19.0,15.43
1468,52.517,13.400,08,25.22,13.33
1469,52.517,13.400,09,15.44,8.44
1470,52.517,13.400,10,13.33,8.14
1471,52.517,13.400,11,7.67,6.51
1472,52.517,13.400,12,-3.44,4.71
1473,52.517,13.400,01,5.33,3.28
1474,52.517,13.400,02,5.67,7.36
1475,52.517,13.400,03,6.11,7.96
1476,35.690,139.692,04,15.22,10.59
1477,35.690,139.692,05,17.56,10.88
1478,35.690,139.692,06,20.22,11.79
1479,35.690,139.692,07,25.67,11.2
1480,35.690,139.692,08,28.44,11.31
1481,35.690,139.692,09,25.33,7.97
1482,35.690,139.692,10,19.78,7.73
1483,35.690,139.692,11,14.78,6.9
1484,35.690,139.692,12,8.33,6.66
1485,35.690,139.692,01,7.44,6.16
1486,35.690,139.692,02,6.11,7.51
1487,35.690,139.692,03,13.56,8.47
1488,41.850,-87.650,04,7.89,9.93
1489,41.850,-87.650,05,18.11,12.82
1490,41.850,-87.650,06,21.22,12.81
1491,41.850,-87.650,07,22.22,12.42
1492,41.850,-87.650,08,22.0,13.06
1493,41.850,-87.650,09,21.22,9.54
1494,41.850,-87.650,10,10.78,9.39
1495,41.850,-87.650,11,3.67,5.73
1496,41.850,-87.650,12,2.0,5.18
1497,41.850,-87.650,01,3.11,5.23
1498,41.850,-87.650,02,1.78,9.14
1499,41.850,-87.650,03,0.56,7.58
1500,31.633,-8.000,04,19.67,9.9
1501,31.633,-8.000,05,25.67,13.36
1502,31.633,-8.000,06,29.22,13.52
1503,31.633,-8.000,07,32.67,13.69
1504,31.633,-8.000,08,28.33,13.61
1505,31.633,-8.000,09,25.0,11.44
1506,31.633,-8.000,10,22.67,9.19
1507,31.633,-8.000,11,19.44,8.34
1508,31.633,-8.000,12,16.33,7.26
1509,31.633,-8.000,01,13.22,8.16
1510,31.633,-8.000,02,13.56,9.57
1511,31.633,-8.000,03,21.22,11.29
1512,48.200,16.367,04,8.56,9.78
1513,48.200,16.367,05,17.78,13.27
1514,48.200,16.367,06,18.67,13.5
1515,48.200,16.367,07,20.22,13.96
1516,48.200,16.367,08,23.0,13.78
1517,48.200,16.367,09,16.0,9.29
1518,48.200,16.367,10,14.11,10.09
1519,48.200,16.367,11,8.0,6.54
1520,48.200,16.367,12,-1.33,4.82
1521,48.200,16.367,01,4.44,4.51
1522,48.200,16.367,02,5.0,8.58
1523,48.200,16.367,03,6.78,10.12
1524,40.714,-74.006,04,11.67,10.19
1525,40.714,-74.006,05,16.0,12.96
1526,40.714,-74.006,06,21.56,12.0
1527,40.714,-74.006,07,25.0,13.22
1528,40.714,-74.006,08,24.33,10.56
1529,40.714,-74.006,09,22.11,10.3
1530,40.714,-74.006,10,15.67,10.29
1531,40.714,-74.006,11,9.67,6.88
1532,40.714,-74.006,12,3.44,6.16
1533,40.714,-74.006,01,4.56,6.59
1534,40.714,-74.006,02,7.11,8.58
1535,40.714,-74.006,03,4.78,8.28
1536,6.291,-75.536,04,15.67,8.59
1537,6.291,-75.536,05,15.78,8.33
1538,6.291,-75.536,06,15.0,8.33
1539,6.291,-75.536,07,15.67,9.62
1540,6.291,-75.536,08,15.56,8.62
1541,6.291,-75.536,09,15.44,8.54
1542,6.291,-75.536,10,14.89,6.62
1543,6.291,-75.536,11,14.67,7.23
1544,6.291,-75.536,12,14.56,5.13
1545,6.291,-75.536,01,14.11,6.72
1546,6.291,-75.536,02,15.22,7.56
1547,6.291,-75.536,03,14.67,7.4
1548,36.717,-4.417,04,16.78,10.47
1549,36.717,-4.417,05,20.22,14.0
1550,36.717,-4.417,06,24.67,14.39
1551,36.717,-4.417,07,26.44,14.28
1552,36.717,-4.417,08,26.89,13.76
1553,36.717,-4.417,09,23.78,10.7
1554,36.717,-4.417,10,21.11,10.49
1555,36.717,-4.417,11,18.33,9.33
1556,36.717,-4.417,12,15.78,6.11
1557,36.717,-4.417,01,14.11,7.97
1558,36.717,-4.417,02,14.11,8.18
1559,36.717,-4.417,03,16.56,11.13
1560,27.717,85.317,04,21.11,11.58
1561,27.717,85.317,05,21.89,9.96
1562,27.717,85.317,06,22.33,9.06
1563,27.717,85.317,07,23.22,9.43
1564,27.717,85.317,08,21.56,9.72
1565,27.717,85.317,09,20.33,9.34
1566,27.717,85.317,10,17.78,6.89
1567,27.717,85.317,11,13.22,7.68
1568,27.717,85.317,12,12.11,8.7
1569,27.717,85.317,01,10.22,8.7
1570,27.717,85.317,02,13.11,8.7
1571,27.717,85.317,03,18.44,11.13
1572,29.763,-95.363,04,23.56,8.16
1573,29.763,-95.363,05,28.0,11.6
1574,29.763,-95.363,06,31.0,11.36
1575,29.763,-95.363,07,30.56,10.32
1576,29.763,-95.363,08,29.33,9.06
1577,29.763,-95.363,09,27.44,10.38
1578,29.763,-95.363,10,24.89,9.93
1579,29.763,-95.363,11,13.89,9.1
1580,29.763,-95.363,12,16.44,8.38
1581,29.763,-95.363,01,17.78,8.29
1582,29.763,-95.363,02,13.56,9.28
1583,29.763,-95.363,03,18.11,9.11
1584,37.377,-5.987,04,17.44,11.1
1585,37.377,-5.987,05,22.78,13.72
1586,37.377,-5.987,06,28.78,14.19
1587,37.377,-5.987,07,31.78,14.31
1588,37.377,-5.987,08,26.44,13.67
1589,37.377,-5.987,09,25.11,10.53
1590,37.377,-5.987,10,23.11,10.69
1591,37.377,-5.987,11,18.33,7.59
1592,37.377,-5.987,12,15.56,5.89
1593,37.377,-5.987,01,12.22,6.3
1594,37.377,-5.987,02,13.33,7.16
1595,37.377,-5.987,03,15.78,11.13
1596,25.774,-80.194,04,25.11,10.0
1597,25.774,-80.194,05,26.22,9.16
1598,25.774,-80.194,06,28.67,8.88
1599,25.774,-80.194,07,29.33,8.46
1600,25.774,-80.194,08,29.22,9.5
1601,25.774,-80.194,09,28.67,7.03
1602,25.774,-80.194,10,27.44,7.62
1603,25.774,-80.194,11,25.33,8.38
1604,25.774,-80.194,12,23.67,8.64
1605,25.774,-80.194,01,19.11,10.13
1606,25.774,-80.194,02,23.11,9.79
1607,25.774,-80.194,03,23.89,10.04
1608,-33.883,151.217,04,19.33,6.53
1609,-33.883,151.217,05,18.56,6.96
1610,-33.883,151.217,06,13.44,8.14
1611,-33.883,151.217,07,12.67,6.9
1612,-33.883,151.217,08,13.89,7.0
1613,-33.883,151.217,09,15.22,9.38
1614,-33.883,151.217,10,16.67,10.46
1615,-33.883,151.217,11,18.11,12.56
1616,-33.883,151.217,12,19.0,12.31
1617,-33.883,151.217,01,23.11,12.87
1618,-33.883,151.217,02,23.0,11.56
1619,-33.883,151.217,03,23.11,11.63
1620,-26.200,28.083,04,14.67,5.72
1621,-26.200,28.083,05,15.22,7.86
1622,-26.200,28.083,06,10.56,8.52
1623,-26.200,28.083,07,11.89,8.7
1624,-26.200,28.083,08,14.67,8.7
1625,-26.200,28.083,09,20.0,10.8
1626,-26.200,28.083,10,23.22,12.44
1627,-26.200,28.083,11,20.11,11.59
1628,-26.200,28.083,12,20.0,10.46
1629,-26.200,28.083,01,23.56,13.68
1630,-26.200,28.083,02,18.67,9.23
1631,-26.200,28.083,03,23.33,11.6
1632,25.039,121.525,04,21.67,10.04
1633,25.039,121.525,05,21.78,9.23
1634,25.039,121.525,06,25.44,10.29
1635,25.039,121.525,07,29.89,11.63
1636,25.039,121.525,08,28.67,9.83
1637,25.039,121.525,09,26.56,9.26
1638,25.039,121.525,10,22.22,6.06
1639,25.039,121.525,11,23.33,5.63
1640,25.039,121.525,12,15.78,4.7
1641,25.039,121.525,01,17.33,5.98
1642,25.039,121.525,02,17.0,7.03
1643,25.039,121.525,03,19.44,10.51
1644,41.900,12.483,04,14.11,10.76
1645,41.900,12.483,05,19.89,14.38
1646,41.900,12.483,06,25.0,14.5
1647,41.900,12.483,07,26.78,14.5
1648,41.900,12.483,08,26.78,10.96
1649,41.900,12.483,09,24.33,10.73
1650,41.900,12.483,10,20.22,10.63
1651,41.900,12.483,11,16.67,6.47
1652,41.900,12.483,12,13.44,5.57
1653,41.900,12.483,01,11.78,6.78
1654,41.900,12.483,02,10.11,10.07
1655,41.900,12.483,03,13.33,10.2
1656,37.017,-7.933,04,17.11,10.21
1657,37.017,-7.933,05,20.56,11.22
1658,37.017,-7.933,06,23.67,11.48
1659,37.017,-7.933,07,26.0,11.36
1660,37.017,-7.933,08,23.44,11.6
1661,37.017,-7.933,09,22.11,9.63
1662,37.017,-7.933,10,21.11,10.99
1663,37.017,-7.933,11,18.44,9.12
1664,37.017,-7.933,12,16.44,7.48
1665,37.017,-7.933,01,13.78,9.0
1666,37.017,-7.933,02,14.33,8.04
1667,37.017,-7.933,03,16.0,10.67
1668,34.694,135.502,04,16.44,11.68
1669,34.694,135.502,05,18.0,11.86
1670,34.694,135.502,06,21.67,11.78
1671,34.694,135.502,07,26.22,11.02
1672,34.694,135.502,08,28.56,10.8
1673,34.694,135.502,09,27.56,11.76
1674,34.694,135.502,10,19.0,7.51
1675,34.694,135.502,11,14.56,8.16
1676,34.694,135.502,12,8.0,6.48
1677,34.694,135.502,01,8.22,6.32
1678,34.694,135.502,02,6.56,6.49
1679,34.694,135.502,03,12.89,9.73
1680,37.980,23.716,04,14.44,10.39
1681,37.980,23.716,05,21.0,10.98
1682,37.980,23.716,06,25.22,10.5
1683,37.980,23.716,07,27.33,11.11
1684,37.980,23.716,08,28.56,11.6
1685,37.980,23.716,09,26.67,11.3
1686,37.980,23.716,10,19.0,9.86
1687,37.980,23.716,11,16.11,9.54
1688,37.980,23.716,12,15.67,8.48
1689,37.980,23.716,01,11.56,9.34
1690,37.980,23.716,02,8.33,10.29
1691,37.980,23.716,03,12.44,9.73
1692,11.550,104.917,04,30.11,11.99
1693,11.550,104.917,05,28.78,10.51
1694,11.550,104.917,06,28.89,11.48
1695,11.550,104.917,07,26.11,9.01
1696,11.550,104.917,08,27.22,10.84
1697,11.550,104.917,09,27.0,9.33
1698,11.550,104.917,10,24.33,7.56
1699,11.550,104.917,11,26.67,10.19
1700,11.550,104.917,12,25.44,8.7
1701,11.550,104.917,01,26.0,6.7
1702,11.550,104.917,02,28.78,10.98
1703,11.550,104.917,03,30.11,11.44
1704,39.929,116.388,04,16.56,12.58
1705,39.929,116.388,05,19.33,13.78
1706,39.929,116.388,06,24.44,12.79
1707,39.929,116.388,07,27.67,12.99
1708,39.929,116.388,08,25.56,11.83
1709,39.929,116.388,09,25.0,12.71
1710,39.929,116.388,10,14.89,8.53
1711,39.929,116.388,11,9.11,7.42
1712,39.929,116.388,12,-3.56,8.12
1713,39.929,116.388,01,-1.56,7.94
1714,39.929,116.388,02,1.33,6.39
1715,39.929,116.388,03,9.67,10.98
1716,33.448,-112.073,04,24.11,12.5
1717,33.448,-112.073,05,29.33,13.87
1718,33.448,-112.073,06,36.67,14.11
1719,33.448,-112.073,07,38.33,13.52
1720,33.448,-112.073,08,34.11,12.06
1721,33.448,-112.073,09,30.67,10.84
1722,33.448,-112.073,10,26.33,8.36
1723,33.448,-112.073,11,14.11,8.52
1724,33.448,-112.073,12,9.11,6.86
1725,33.448,-112.073,01,12.0,5.79
1726,33.448,-112.073,02,11.0,9.3
1727,33.448,-112.073,03,19.33,10.51
1728,-12.050,-77.050,04,19.33,10.67
1729,-12.050,-77.050,05,17.89,8.7
1730,-12.050,-77.050,06,16.44,8.7
1731,-12.050,-77.050,07,15.78,8.03
1732,-12.050,-77.050,08,16.44,11.6
1733,-12.050,-77.050,09,16.33,11.49
1734,-12.050,-77.050,10,17.22,12.6
1735,-12.050,-77.050,11,18.56,12.8
1736,-12.050,-77.050,12,21.0,12.02
1737,-12.050,-77.050,01,21.67,12.88
1738,-12.050,-77.050,02,24.0,10.22
1739,-12.050,-77.050,03,24.0,11.44
1740,45.500,-73.583,04,6.56,8.86
1741,45.500,-73.583,05,17.33,13.13
1742,45.500,-73.583,06,17.33,11.79
1743,45.500,-73.583,07,21.22,13.39
1744,45.500,-73.583,08,19.89,13.24
1745,45.500,-73.583,09,17.44,9.53
1746,45.500,-73.583,10,10.89,9.32
1747,45.500,-73.583,11,4.22,5.32
1748,45.500,-73.583,12,-2.0,6.3
1749,45.500,-73.583,01,-7.11,5.56
1750,45.500,-73.583,02,-2.22,6.68
1751,45.500,-73.583,03,-0.33,7.61
1752,52.250,21.000,04,7.11,11.26
1753,52.250,21.000,05,14.89,13.37
1754,52.250,21.000,06,17.89,13.47
1755,52.250,21.000,07,17.56,12.67
1756,52.250,21.000,08,22.56,12.84
1757,52.250,21.000,09,14.44,9.42
1758,52.250,21.000,10,13.11,6.61
1759,52.250,21.000,11,6.44,6.11
1760,52.250,21.000,12,-4.22,4.03
1761,52.250,21.000,01,4.78,4.46
1762,52.250,21.000,02,3.11,5.54
1763,52.250,21.000,03,5.22,7.92
1764,53.900,27.567,04,4.89,8.91
1765,53.900,27.567,05,10.0,13.72
1766,53.900,27.567,06,16.0,15.11
1767,53.900,27.567,07,14.33,13.91
1768,53.900,27.567,08,20.89,14.06
1769,53.900,27.567,09,11.33,8.3
1770,53.900,27.567,10,9.0,8.96
1771,53.900,27.567,11,3.78,4.89
1772,53.900,27.567,12,-6.33,2.24
1773,53.900,27.567,01,0.0,2.21
1774,53.900,27.567,02,-1.22,6.76
1775,53.900,27.567,03,0.33,7.49
1776,10.400,-75.514,04,27.89,10.92
1777,10.400,-75.514,05,27.44,9.88
1778,10.400,-75.514,06,26.89,9.59
1779,10.400,-75.514,07,27.0,8.87
1780,10.400,-75.514,08,27.22,9.66
1781,10.400,-75.514,09,27.44,8.87
1782,10.400,-75.514,10,27.11,7.4
1783,10.400,-75.514,11,26.56,7.0
1784,10.400,-75.514,12,26.44,7.2
1785,10.400,-75.514,01,26.56,8.02
1786,10.400,-75.514,02,27.0,11.44
1787,10.400,-75.514,03,26.33,9.11
1788,48.867,2.333,04,13.0,10.8
1789,48.867,2.333,05,19.0,13.94
1790,48.867,2.333,06,21.22,16.04
1791,48.867,2.333,07,24.56,14.93
1792,48.867,2.333,08,25.11,13.54
1793,48.867,2.333,09,17.89,9.71
1794,48.867,2.333,10,15.56,7.73
1795,48.867,2.333,11,11.78,7.44
1796,48.867,2.333,12,-0.11,4.32
1797,48.867,2.333,01,7.44,5.1
1798,48.867,2.333,02,7.78,7.14
1799,48.867,2.333,03,9.56,8.67
1800,43.667,-79.417,04,6.67,9.01
1801,43.667,-79.417,05,13.22,12.64
1802,43.667,-79.417,06,18.22,14.52
1803,43.667,-79.417,07,21.11,13.38
1804,43.667,-79.417,08,20.89,11.34
1805,43.667,-79.417,09,19.78,9.57
1806,43.667,-79.417,10,11.0,8.98
1807,43.667,-79.417,11,4.33,4.88
1808,43.667,-79.417,12,0.33,6.71
1809,43.667,-79.417,01,-0.67,6.81
1810,43.667,-79.417,02,1.89,8.83
1811,43.667,-79.417,03,-0.33,7.2
1812,46.055,14.514,04,8.78,10.09
1813,46.055,14.514,05,17.89,12.89
1814,46.055,14.514,06,19.78,13.21
1815,46.055,14.514,07,21.0,13.61
1816,46.055,14.514,08,21.11,12.68
1817,46.055,14.514,09,15.56,9.28
1818,46.055,14.514,10,13.33,10.68
1819,46.055,14.514,11,8.22,5.27
1820,46.055,14.514,12,0.0,5.3
1821,46.055,14.514,01,2.67,4.97
1822,46.055,14.514,02,2.11,9.4
1823,46.055,14.514,03,5.56,9.54
1824,-0.217,-78.500,04,13.11,7.24
1825,-0.217,-78.500,05,13.67,6.47
1826,-0.217,-78.500,06,12.11,7.24
1827,-0.217,-78.500,07,12.0,7.87
1828,-0.217,-78.500,08,11.78,7.09
1829,-0.217,-78.500,09,12.11,7.09
1830,-0.217,-78.500,10,12.22,9.74
1831,-0.217,-78.500,11,11.78,9.58
1832,-0.217,-78.500,12,12.0,7.24
1833,-0.217,-78.500,01,12.0,6.62
1834,-0.217,-78.500,02,13.33,7.09
1835,-0.217,-78.500,03,10.44,8.49
1836,43.767,11.250,04,12.22,11.07
1837,43.767,11.250,05,18.67,14.14
1838,43.767,11.250,06,24.67,14.41
1839,43.767,11.250,07,26.78,14.28
1840,43.767,11.250,08,24.67,9.69
1841,43.767,11.250,09,20.78,9.27
1842,43.767,11.250,10,17.44,10.2
1843,43.767,11.250,11,12.22,5.63
1844,43.767,11.250,12,6.67,4.77
1845,43.767,11.250,01,6.67,6.63
1846,43.767,11.250,02,5.67,9.89
1847,43.767,11.250,03,10.89,10.19
1848,17.071,-96.719,04,22.67,11.13
1849,17.071,-96.719,05,21.89,12.97
1850,17.071,-96.719,06,18.22,11.47
1851,17.071,-96.719,07,18.78,9.2
1852,17.071,-96.719,08,18.11,7.28
1853,17.071,-96.719,09,17.89,7.16
1854,17.071,-96.719,10,17.78,6.87
1855,17.071,-96.719,11,18.33,8.37
1856,17.071,-96.719,12,17.67,8.53
1857,17.071,-96.719,01,16.67,11.29
1858,17.071,-96.719,02,16.78,11.44
1859,17.071,-96.719,03,18.44,10.51
1860,53.417,-2.942,04,10.67,8.4
1861,53.417,-2.942,05,13.89,13.56
1862,53.417,-2.942,06,15.33,16.13
1863,53.417,-2.942,07,19.33,15.91
1864,53.417,-2.942,08,20.0,12.64
1865,53.417,-2.942,09,14.33,7.88
1866,53.417,-2.942,10,11.44,7.9
1867,53.417,-2.942,11,11.22,6.1
1868,53.417,-2.942,12,0.0,3.58
1869,53.417,-2.942,01,5.78,2.63
1870,53.417,-2.942,02,7.78,7.31
1871,53.417,-2.942,03,6.0,7.19
1872,29.954,-90.075,04,22.33,9.31
1873,29.954,-90.075,05,25.89,10.92
1874,29.954,-90.075,06,28.67,13.02
1875,29.954,-90.075,07,27.56,8.51
1876,29.954,-90.075,08,27.44,8.52
1877,29.954,-90.075,09,26.11,10.13
1878,29.954,-90.075,10,22.89,10.0
1879,29.954,-90.075,11,14.0,9.27
1880,29.954,-90.075,12,16.56,8.61
1881,29.954,-90.075,01,16.22,8.32
1882,29.954,-90.075,02,14.11,8.58
1883,29.954,-90.075,03,17.11,10.04
1884,38.895,-77.037,04,13.44,10.2
1885,38.895,-77.037,05,17.89,13.02
1886,38.895,-77.037,06,23.67,12.2
1887,38.895,-77.037,07,24.89,13.32
1888,38.895,-77.037,08,23.11,9.9
1889,38.895,-77.037,09,21.56,10.44
1890,38.895,-77.037,10,14.56,10.57
1891,38.895,-77.037,11,8.78,7.62
1892,38.895,-77.037,12,3.78,5.62
1893,38.895,-77.037,01,5.22,8.78
1894,38.895,-77.037,02,8.56,8.93
1895,38.895,-77.037,03,6.0,8.93
1896,59.434,24.728,04,3.67,10.06
1897,59.434,24.728,05,8.67,15.02
1898,59.434,24.728,06,14.56,16.07
1899,59.434,24.728,07,16.22,15.07
1900,59.434,24.728,08,21.11,15.57
1901,59.434,24.728,09,11.33,8.46
1902,59.434,24.728,10,9.67,7.36
1903,59.434,24.728,11,5.89,3.64
1904,59.434,24.728,12,-6.22,2.71
1905,59.434,24.728,01,1.67,1.63
1906,59.434,24.728,02,0.56,6.32
1907,59.434,24.728,03,-1.11,7.97
1908,45.800,16.000,04,10.56,10.5
1909,45.800,16.000,05,19.67,12.8
1910,45.800,16.000,06,20.78,13.86
1911,45.800,16.000,07,22.44,13.51
1912,45.800,16.000,08,24.0,13.71
1913,45.800,16.000,09,17.89,9.86
1914,45.800,16.000,10,14.78,10.69
1915,45.800,16.000,11,9.56,6.43
1916,45.800,16.000,12,1.33,4.5
1917,45.800,16.000,01,5.0,5.74
1918,45.800,16.000,02,4.56,10.03
1919,45.800,16.000,03,8.33,10.11
1920,34.262,108.938,04,15.89,10.18
1921,34.262,108.938,05,19.22,13.36
1922,34.262,108.938,06,28.89,14.06
1923,34.262,108.938,07,29.0,11.7
1924,34.262,108.938,08,32.67,11.2
1925,34.262,108.938,09,23.78,10.37
1926,34.262,108.938,10,15.67,10.64
1927,34.262,108.938,11,11.56,6.91
1928,34.262,108.938,12,2.33,8.33
1929,34.262,108.938,01,2.56,8.12
1930,34.262,108.938,02,5.89,8.96
1931,34.262,108.938,03,14.0,10.79
1932,35.021,135.754,04,15.44,11.42
1933,35.021,135.754,05,16.78,11.96
1934,35.021,135.754,06,20.44,11.19
1935,35.021,135.754,07,25.22,9.96
1936,35.021,135.754,08,27.44,10.37
1937,35.021,135.754,09,25.89,11.06
1938,35.021,135.754,10,17.56,7.67
1939,35.021,135.754,11,13.22,7.43
1940,35.021,135.754,12,6.11,5.92
1941,35.021,135.754,01,6.56,6.88
1942,35.021,135.754,02,4.78,6.32
1943,35.021,135.754,03,11.11,9.26
1944,53.550,10.000,04,7.56,9.91
1945,53.550,10.000,05,14.11,14.08
1946,53.550,10.000,06,15.78,15.88
1947,53.550,10.000,07,16.89,15.22
1948,53.550,10.000,08,22.56,13.07
1949,53.550,10.000,09,14.56,8.29
1950,53.550,10.000,10,11.67,7.99
1951,53.550,10.000,11,8.11,5.51
1952,53.550,10.000,12,-3.33,4.94
1953,53.550,10.000,01,4.78,2.63
1954,53.550,10.000,02,5.78,7.13
1955,53.550,10.000,03,5.0,6.7
1956,40.833,14.250,04,14.44,11.04
1957,40.833,14.250,05,19.78,14.38
1958,40.833,14.250,06,25.11,14.17
1959,40.833,14.250,07,27.67,14.5
1960,40.833,14.250,08,27.22,10.57
1961,40.833,14.250,09,24.67,9.87
1962,40.833,14.250,10,20.44,10.88
1963,40.833,14.250,11,16.78,5.93
1964,40.833,14.250,12,14.33,4.97
1965,40.833,14.250,01,11.78,6.99
1966,40.833,14.250,02,10.0,10.22
1967,40.833,14.250,03,13.33,10.19
1968,49.250,-123.133,04,4.67,7.4
1969,49.250,-123.133,05,8.11,9.93
1970,49.250,-123.133,06,12.89,13.0
1971,49.250,-123.133,07,16.78,15.13
1972,49.250,-123.133,08,20.67,12.19
1973,49.250,-123.133,09,16.56,10.3
1974,49.250,-123.133,10,15.56,10.82
1975,49.250,-123.133,11,3.33,7.72
1976,49.250,-123.133,12,-0.22,5.59
1977,49.250,-123.133,01,5.0,2.42
1978,49.250,-123.133,02,2.11,5.61
1979,49.250,-123.133,03,4.22,7.51
1980,45.467,9.200,04,13.33,11.47
1981,45.467,9.200,05,21.56,14.17
1982,45.467,9.200,06,25.89,15.8
1983,45.467,9.200,07,29.0,15.61
1984,45.467,9.200,08,25.44,10.46
1985,45.467,9.200,09,20.56,9.79
1986,45.467,9.200,10,17.89,10.73
1987,45.467,9.200,11,11.44,6.4
1988,45.467,9.200,12,3.0,6.3
1989,45.467,9.200,01,4.78,7.29
1990,45.467,9.200,02,6.56,10.19
1991,45.467,9.200,03,10.89,10.5
1992,-16.399,-71.535,04,12.22,11.44
1993,-16.399,-71.535,05,12.33,8.99
1994,-16.399,-71.535,06,10.11,8.7
1995,-16.399,-71.535,07,11.56,8.7
1996,-16.399,-71.535,08,12.44,8.7
1997,-16.399,-71.535,09,12.89,11.6
1998,-16.399,-71.535,10,12.78,11.6
1999,-16.399,-71.535,11,13.78,11.6
2000,-16.399,-71.535,12,11.78,9.99
2001,-16.399,-71.535,01,12.44,12.77
2002,-16.399,-71.535,02,11.89,9.59
2003,-16.399,-71.535,03,9.78,10.16
2004,-34.858,-56.171,04,17.78,10.01
2005,-34.858,-56.171,05,13.89,7.07
2006,-34.858,-56.171,06,10.33,7.96
2007,-34.858,-56.171,07,10.44,5.59
2008,-34.858,-56.171,08,12.44,9.9
2009,-34.858,-56.171,09,13.22,10.2
2010,-34.858,-56.171,10,14.22,11.08
2011,-34.858,-56.171,11,21.44,12.58
2012,-34.858,-56.171,12,22.44,12.8
2013,-34.858,-56.171,01,25.56,14.02
2014,-34.858,-56.171,02,24.44,9.79
2015,-34.858,-56.171,03,27.11,10.27
2016,45.524,-122.675,04,4.78,7.09
2017,45.524,-122.675,05,10.22,10.7
2018,45.524,-122.675,06,13.67,12.78
2019,45.524,-122.675,07,20.67,14.63
2020,45.524,-122.675,08,23.11,11.36
2021,45.524,-122.675,09,19.56,9.57
2022,45.524,-122.675,10,18.67,11.0
2023,45.524,-122.675,11,5.11,6.79
2024,45.524,-122.675,12,3.44,6.3
2025,45.524,-122.675,01,6.22,4.38
2026,45.524,-122.675,02,4.44,7.17
2027,45.524,-122.675,03,6.11,7.83
2028,43.514,16.456,04,13.44,11.33
2029,43.514,16.456,05,19.78,14.38
2030,43.514,16.456,06,24.22,14.28
2031,43.514,16.456,07,25.67,14.17
2032,43.514,16.456,08,25.56,13.03
2033,43.514,16.456,09,23.0,10.28
2034,43.514,16.456,10,20.0,10.5
2035,43.514,16.456,11,16.44,6.29
2036,43.514,16.456,12,13.22,4.77
2037,43.514,16.456,01,11.89,6.38
2038,43.514,16.456,02,10.44,10.34
2039,43.514,16.456,03,12.0,10.11
2040,28.233,83.983,04,22.89,11.4
2041,28.233,83.983,05,23.0,10.52
2042,28.233,83.983,06,23.89,9.36
2043,28.233,83.983,07,24.78,9.7
2044,28.233,83.983,08,23.56,9.87
2045,28.233,83.983,09,22.33,9.36
2046,28.233,83.983,10,20.0,6.39
2047,28.233,83.983,11,15.89,7.51
2048,28.233,83.983,12,15.0,8.52
2049,28.233,83.983,01,12.89,8.52
2050,28.233,83.983,02,15.78,9.32
2051,28.233,83.983,03,21.56,10.36
2052,21.174,-86.847,04,26.67,10.44
2053,21.174,-86.847,05,26.67,10.9
2054,21.174,-86.847,06,27.44,9.26
2055,21.174,-86.847,07,28.67,10.49
2056,21.174,-86.847,08,28.22,9.03
2057,21.174,-86.847,09,27.89,7.62
2058,21.174,-86.847,10,27.67,7.63
2059,21.174,-86.847,11,26.0,9.1
2060,21.174,-86.847,12,25.89,8.57
2061,21.174,-86.847,01,23.78,8.41
2062,21.174,-86.847,02,24.11,8.96
2063,21.174,-86.847,03,25.78,9.88
2064,50.833,4.333,04,11.67,10.42
2065,50.833,4.333,05,17.22,15.13
2066,50.833,4.333,06,18.89,15.88
2067,50.833,4.333,07,20.89,15.82
2068,50.833,4.333,08,23.89,13.38
2069,50.833,4.333,09,15.56,7.59
2070,50.833,4.333,10,13.0,7.66
2071,50.833,4.333,11,10.44,7.52
2072,50.833,4.333,12,-1.22,5.17
2073,50.833,4.333,01,6.0,4.6
2074,50.833,4.333,02,7.56,7.61
2075,50.833,4.333,03,8.0,7.73
2076,31.222,121.458,04,16.78,11.08
2077,31.222,121.458,05,19.11,11.0
2078,31.222,121.458,06,24.56,11.47
2079,31.222,121.458,07,30.44,11.97
2080,31.222,121.458,08,32.56,12.23
2081,31.222,121.458,09,24.44,9.48
2082,31.222,121.458,10,17.78,9.38
2083,31.222,121.458,11,17.22,6.03
2084,31.222,121.458,12,6.89,7.26
2085,31.222,121.458,01,8.22,7.12
2086,31.222,121.458,02,8.44,6.49
2087,31.222,121.458,03,13.11,8.92
2088,53.333,-6.249,04,9.78,8.13
2089,53.333,-6.249,05,12.33,14.43
2090,53.333,-6.249,06,14.11,15.44
2091,53.333,-6.249,07,17.44,15.31
2092,53.333,-6.249,08,17.33,10.94
2093,53.333,-6.249,09,13.67,8.86
2094,53.333,-6.249,10,11.44,9.19
2095,53.333,-6.249,11,11.33,6.3
2096,53.333,-6.249,12,3.22,3.63
2097,53.333,-6.249,01,5.78,3.9
2098,53.333,-6.249,02,8.89,6.59
2099,53.333,-6.249,03,6.33,7.51
2100,56.950,24.100,04,4.78,9.46
2101,56.950,24.100,05,10.22,14.44
2102,56.950,24.100,06,15.22,15.41
2103,56.950,24.100,07,16.44,15.3
2104,56.950,24.100,08,22.22,15.27
2105,56.950,24.100,09,12.11,8.02
2106,56.950,24.100,10,10.78,7.83
2107,56.950,24.100,11,6.11,3.52
2108,56.950,24.100,12,-7.33,3.99
2109,56.950,24.100,01,3.0,2.11
2110,56.950,24.100,02,1.89,7.6
2111,56.950,24.100,03,0.89,7.8
2112,45.750,4.850,04,12.89,10.38
2113,45.750,4.850,05,20.56,13.5
2114,45.750,4.850,06,23.56,15.78
2115,45.750,4.850,07,25.0,14.5
2116,45.750,4.850,08,24.56,10.47
2117,45.750,4.850,09,18.56,9.5
2118,45.750,4.850,10,17.22,9.92
2119,45.750,4.850,11,11.56,7.97
2120,45.750,4.850,12,1.56,4.37
2121,45.750,4.850,01,4.67,3.8
2122,45.750,4.850,02,5.89,10.48
2123,45.750,4.850,03,9.78,9.81
2124,39.567,2.650,04,15.89,10.6
2125,39.567,2.650,05,21.22,11.36
2126,39.567,2.650,06,27.33,14.39
2127,39.567,2.650,07,29.11,14.5
2128,39.567,2.650,08,29.11,10.79
2129,39.567,2.650,09,26.56,9.79
2130,39.567,2.650,10,21.78,10.27
2131,39.567,2.650,11,18.44,9.07
2132,39.567,2.650,12,14.33,6.72
2133,39.567,2.650,01,12.67,7.36
2134,39.567,2.650,02,9.89,10.66
2135,39.567,2.650,03,14.89,11.21
2136,-36.867,174.767,04,17.11,7.84
2137,-36.867,174.767,05,15.78,5.8
2138,-36.867,174.767,06,13.22,5.17
2139,-36.867,174.767,07,12.78,5.37
2140,-36.867,174.767,08,11.89,5.68
2141,-36.867,174.767,09,12.33,8.46
2142,-36.867,174.767,10,13.89,10.17
2143,-36.867,174.767,11,17.11,10.43
2144,-36.867,174.767,12,18.33,10.09
2145,-36.867,174.767,01,18.56,10.01
2146,-36.867,174.767,02,18.56,9.22
2147,-36.867,174.767,03,18.33,9.32
2148,54.683,25.317,04,5.11,8.67
2149,54.683,25.317,05,10.0,14.01
2150,54.683,25.317,06,15.56,15.03
2151,54.683,25.317,07,14.89,13.68
2152,54.683,25.317,08,20.89,14.5
2153,54.683,25.317,09,11.22,7.18
2154,54.683,25.317,10,9.89,7.8
2155,54.683,25.317,11,5.11,5.27
2156,54.683,25.317,12,-7.56,2.69
2157,54.683,25.317,01,2.33,1.99
2158,54.683,25.317,02,1.0,7.08
2159,54.683,25.317,03,1.56,6.7
2160,51.517,-0.106,04,12.22,9.17
2161,51.517,-0.106,05,15.56,11.98
2162,51.517,-0.106,06,18.89,15.98
2163,51.517,-0.106,07,23.33,16.12
2164,51.517,-0.106,08,23.44,13.32
2165,51.517,-0.106,09,16.33,9.01
2166,51.517,-0.106,10,13.11,8.63
2167,51.517,-0.106,11,11.44,5.52
2168,51.517,-0.106,12,0.22,4.72
2169,51.517,-0.106,01,5.89,3.93
2170,51.517,-0.106,02,8.11,8.29
2171,51.517,-0.106,03,7.89,7.29
2172,59.333,18.050,04,5.44,12.59
2173,59.333,18.050,05,11.11,15.39
2174,59.333,18.050,06,16.22,15.67
2175,59.333,18.050,07,15.89,15.5
2176,59.333,18.050,08,21.56,14.39
2177,59.333,18.050,09,12.0,7.48
2178,59.333,18.050,10,10.11,5.8
2179,59.333,18.050,11,7.11,5.54
2180,59.333,18.050,12,-6.22,2.46
2181,59.333,18.050,01,3.0,2.41
2182,59.333,18.050,02,1.78,6.17
2183,59.333,18.050,03,0.0,7.36
2184,14.604,120.982,04,28.67,11.93
2185,14.604,120.982,05,29.67,11.08
2186,14.604,120.982,06,29.22,10.77
2187,14.604,120.982,07,28.11,10.1
2188,14.604,120.982,08,27.22,10.02
2189,14.604,120.982,09,27.56,8.61
2190,14.604,120.982,10,27.78,8.8
2191,14.604,120.982,11,27.67,10.18
2192,14.604,120.982,12,27.33,6.37
2193,14.604,120.982,01,25.33,5.87
2194,14.604,120.982,02,26.56,8.56
2195,14.604,120.982,03,26.56,11.13
2196,48.150,11.583,04,8.33,9.74
2197,48.150,11.583,05,17.0,13.27
2198,48.150,11.583,06,18.56,15.77
2199,48.150,11.583,07,19.67,15.69
2200,48.150,11.583,08,20.78,11.1
2201,48.150,11.583,09,14.0,7.84
2202,48.150,11.583,10,13.67,8.73
2203,48.150,11.583,11,7.33,6.56
2204,48.150,11.583,12,-4.44,4.63
2205,48.150,11.583,01,3.89,4.19
2206,48.150,11.583,02,4.44,9.3
2207,48.150,11.583,03,6.11,9.23
2208,42.358,-71.060,04,10.44,10.6
2209,42.358,-71.060,05,16.56,13.6
2210,42.358,-71.060,06,19.0,12.83
2211,42.358,-71.060,07,22.89,13.93
2212,42.358,-71.060,08,20.56,12.13
2213,42.358,-71.060,09,19.56,10.26
2214,42.358,-71.060,10,14.11,9.11
2215,42.358,-71.060,11,8.33,6.83
2216,42.358,-71.060,12,1.56,5.96
2217,42.358,-71.060,01,2.78,5.23
2218,42.358,-71.060,02,5.44,8.88
2219,42.358,-71.060,03,3.33,8.41
2220,51.083,-114.083,04,-3.44,8.88
2221,51.083,-114.083,05,8.89,14.78
2222,51.083,-114.083,06,13.56,14.19
2223,51.083,-114.083,07,18.33,15.62
2224,51.083,-114.083,08,21.0,12.67
2225,51.083,-114.083,09,14.89,9.96
2226,51.083,-114.083,10,10.22,9.5
2227,51.083,-114.083,11,-8.33,7.31
2228,51.083,-114.083,12,-12.0,4.32
2229,51.083,-114.083,01,-5.11,4.49
2230,51.083,-114.083,02,-3.44,8.5
2231,51.083,-114.083,03,-9.11,8.44
2232,43.300,5.400,04,14.89,11.33
2233,43.300,5.400,05,19.44,11.48
2234,43.300,5.400,06,24.33,15.6
2235,43.300,5.400,07,27.11,14.5
2236,43.300,5.400,08,26.33,10.07
2237,43.300,5.400,09,23.11,10.84
2238,43.300,5.400,10,20.33,10.78
2239,43.300,5.400,11,16.44,9.12
2240,43.300,5.400,12,8.22,6.97
2241,43.300,5.400,01,10.0,7.16
2242,43.300,5.400,02,9.22,10.7
2243,43.300,5.400,03,13.56,10.8
2244,50.933,6.950,04,11.22,10.68
2245,50.933,6.950,05,17.89,15.11
2246,50.933,6.950,06,19.56,16.0
2247,50.933,6.950,07,20.56,15.38
2248,50.933,6.950,08,24.22,10.77
2249,50.933,6.950,09,15.44,8.17
2250,50.933,6.950,10,13.22,7.23
2251,50.933,6.950,11,10.44,7.5
2252,50.933,6.950,12,-1.44,4.74
2253,50.933,6.950,01,6.0,2.89
2254,50.933,6.950,02,7.33,7.22
2255,50.933,6.950,03,7.44,7.82
2256,52.374,4.890,04,10.0,10.17
2257,52.374,4.890,05,15.78,14.78
2258,52.374,4.890,06,17.33,16.39
2259,52.374,4.890,07,19.0,15.59
2260,52.374,4.890,08,22.56,13.0
2261,52.374,4.890,09,15.78,8.36
2262,52.374,4.890,10,12.22,8.26
2263,52.374,4.890,11,10.11,5.57
2264,52.374,4.890,12,-0.44,4.74
2265,52.374,4.890,01,6.0,3.1
2266,52.374,4.890,02,7.22,7.18
2267,52.374,4.890,03,6.67,7.28
2268,43.167,16.567,04,9.56,10.63
2269,43.167,16.567,05,17.89,12.98
2270,43.167,16.567,06,19.89,14.39
2271,43.167,16.567,07,23.11,14.17
2272,43.167,16.567,08,21.67,11.99
2273,43.167,16.567,09,17.67,9.84
2274,43.167,16.567,10,15.44,9.9
2275,43.167,16.567,11,11.0,6.67
2276,43.167,16.567,12,8.0,4.39
2277,43.167,16.567,01,5.78,6.0
2278,43.167,16.567,02,4.11,10.46
2279,43.167,16.567,03,7.44,10.26
2280,51.217,6.767,04,12.0,10.81
2281,51.217,6.767,05,18.22,15.21
2282,51.217,6.767,06,19.44,16.18
2283,51.217,6.767,07,20.33,15.13
2284,51.217,6.767,08,24.56,10.97
2285,51.217,6.767,09,15.89,8.29
2286,51.217,6.767,10,13.44,8.01
2287,51.217,6.767,11,10.89,6.9
2288,51.217,6.767,12,-0.78,4.96
2289,51.217,6.767,01,6.0,2.67
2290,51.217,6.767,02,7.56,7.37
2291,51.217,6.767,03,7.33,7.51
2292,9.933,-84.083,04,20.33,9.91
2293,9.933,-84.083,05,19.67,8.13
2294,9.933,-84.083,06,18.44,6.67
2295,9.933,-84.083,07,19.0,9.4
2296,9.933,-84.083,08,18.44,7.5
2297,9.933,-84.083,09,18.44,7.28
2298,9.933,-84.083,10,18.0,7.4
2299,9.933,-84.083,11,18.11,7.63
2300,9.933,-84.083,12,17.56,9.37
2301,9.933,-84.083,01,18.22,8.59
2302,9.933,-84.083,02,18.78,9.89
2303,9.933,-84.083,03,18.11,8.96
2304,24.467,54.367,04,30.56,11.54
2305,24.467,54.367,05,29.78,13.28
2306,24.467,54.367,06,34.56,13.8
2307,24.467,54.367,07,35.89,12.6
2308,24.467,54.367,08,36.67,13.11
2309,24.467,54.367,09,33.89,11.6
2310,24.467,54.367,10,29.67,9.34
2311,24.467,54.367,11,27.78,8.7
2312,24.467,54.367,12,22.67,8.7
2313,24.467,54.367,01,21.0,8.34
2314,24.467,54.367,02,22.44,11.54
2315,24.467,54.367,03,26.89,11.44
2316,60.176,24.934,04,3.33,10.06
2317,60.176,24.934,05,8.67,15.27
2318,60.176,24.934,06,14.67,16.46
2319,60.176,24.934,07,16.22,14.92
2320,60.176,24.934,08,20.22,15.28
2321,60.176,24.934,09,11.89,8.31
2322,60.176,24.934,10,9.67,7.21
2323,60.176,24.934,11,5.56,4.06
2324,60.176,24.934,12,-5.78,2.69
2325,60.176,24.934,01,1.78,1.6
2326,60.176,24.934,02,0.56,5.81
2327,60.176,24.934,03,-1.22,7.63
2328,50.117,8.683,04,10.67,10.28
2329,50.117,8.683,05,18.78,14.51
2330,50.117,8.683,06,21.0,16.2
2331,50.117,8.683,07,21.22,15.44
2332,50.117,8.683,08,24.33,10.86
2333,50.117,8.683,09,15.56,7.61
2334,50.117,8.683,10,13.56,8.14
2335,50.117,8.683,11,9.11,6.53
2336,50.117,8.683,12,-2.56,4.11
2337,50.117,8.683,01,5.67,2.91
2338,50.117,8.683,02,5.78,7.78
2339,50.117,8.683,03,7.44,8.91
2340,17.967,102.600,04,31.11,11.71
2341,17.967,102.600,05,27.0,10.76
2342,17.967,102.600,06,27.56,11.13
2343,17.967,102.600,07,27.67,8.89
2344,17.967,102.600,08,26.89,9.59
2345,17.967,102.600,09,25.67,9.91
2346,17.967,102.600,10,23.22,7.88
2347,17.967,102.600,11,26.89,8.53
2348,17.967,102.600,12,21.33,8.37
2349,17.967,102.600,01,23.89,8.2
2350,17.967,102.600,02,27.67,11.44
2351,17.967,102.600,03,29.33,11.6
2352,48.767,9.183,04,10.0,10.93
2353,48.767,9.183,05,18.0,13.73
2354,48.767,9.183,06,20.56,15.99
2355,48.767,9.183,07,21.22,15.74
2356,48.767,9.183,08,23.44,10.84
2357,48.767,9.183,09,14.78,8.34
2358,48.767,9.183,10,14.67,7.87
2359,48.767,9.183,11,8.56,5.78
2360,48.767,9.183,12,-3.0,3.72
2361,48.767,9.183,01,5.0,2.72
2362,48.767,9.183,02,5.11,8.74
2363,48.767,9.183,03,7.22,8.44
2364,52.367,9.717,04,8.78,10.04
2365,52.367,9.717,05,16.0,14.52
2366,52.367,9.717,06,17.67,16.48
2367,52.367,9.717,07,18.22,15.11
2368,52.367,9.717,08,23.67,12.4
2369,52.367,9.717,09,15.22,8.58
2370,52.367,9.717,10,12.56,8.0
2371,52.367,9.717,11,8.89,6.51
2372,52.367,9.717,12,-2.56,4.74
2373,52.367,9.717,01,5.44,3.06
2374,52.367,9.717,02,6.56,7.53
2375,52.367,9.717,03,6.0,7.49
2376,55.667,12.583,04,6.22,9.91
2377,55.667,12.583,05,11.89,14.97
2378,55.667,12.583,06,15.67,15.42
2379,55.667,12.583,07,17.44,15.52
2380,55.667,12.583,08,20.78,14.03
2381,55.667,12.583,09,15.22,8.88
2382,55.667,12.583,10,12.78,8.57
2383,55.667,12.583,11,10.22,6.02
2384,55.667,12.583,12,-0.44,4.02
2385,55.667,12.583,01,4.78,2.38
2386,55.667,12.583,02,5.0,8.16
2387,55.667,12.583,03,3.33,7.02
2388,53.550,-113.500,04,-2.89,8.52
2389,53.550,-113.500,05,9.67,14.11
2390,53.550,-113.500,06,14.67,13.97
2391,53.550,-113.500,07,18.11,15.31
2392,53.550,-113.500,08,20.0,13.29
2393,53.550,-113.500,09,14.11,9.21
2394,53.550,-113.500,10,9.67,9.81
2395,53.550,-113.500,11,-9.11,5.5
2396,53.550,-113.500,12,-13.67,4.29
2397,53.550,-113.500,01,-6.33,2.21
2398,53.550,-113.500,02,-4.78,7.22
2399,53.550,-113.500,03,-9.56,7.17
2400,51.050,13.750,04,7.56,9.33
2401,51.050,13.750,05,16.56,13.62
2402,51.050,13.750,06,19.44,16.03
2403,51.050,13.750,07,18.56,15.48
2404,51.050,13.750,08,23.78,13.56
2405,51.050,13.750,09,14.78,7.86
2406,51.050,13.750,10,13.33,8.2
2407,51.050,13.750,11,8.11,6.9
2408,51.050,13.750,12,-4.33,3.23
2409,51.050,13.750,01,5.56,3.41
2410,51.050,13.750,02,5.56,7.57
2411,51.050,13.750,03,6.11,9.08
2412,53.528,-2.281,04,11.0,8.66
2413,53.528,-2.281,05,13.78,13.1
2414,53.528,-2.281,06,15.44,15.77
2415,53.528,-2.281,07,19.22,15.71
2416,53.528,-2.281,08,20.89,13.34
2417,53.528,-2.281,09,13.56,9.03
2418,53.528,-2.281,10,11.0,8.04
2419,53.528,-2.281,11,11.0,5.11
2420,53.528,-2.281,12,-0.22,3.58
2421,53.528,-2.281,01,4.78,3.06
2422,53.528,-2.281,02,7.44,7.31
2423,53.528,-2.281,03,5.89,6.24
2424,51.923,4.479,04,11.0,10.81
2425,51.923,4.479,05,15.67,15.62
2426,51.923,4.479,06,18.0,16.56
2427,51.923,4.479,07,19.78,15.78
2428,51.923,4.479,08,23.33,13.46
2429,51.923,4.479,09,16.22,7.78
2430,51.923,4.479,10,12.89,7.46
2431,51.923,4.479,11,10.33,5.96
2432,51.923,4.479,12,0.0,3.9
2433,51.923,4.479,01,6.44,3.59
2434,51.923,4.479,02,7.33,7.58
2435,51.923,4.479,03,7.56,7.12
2436,-16.500,-68.150,04,7.78,10.66
2437,-16.500,-68.150,05,6.67,10.48
2438,-16.500,-68.150,06,4.22,11.34
2439,-16.500,-68.150,07,6.56,9.78
2440,-16.500,-68.150,08,7.44,11.6
2441,-16.500,-68.150,09,8.22,8.8
2442,-16.500,-68.150,10,8.33,8.86
2443,-16.500,-68.150,11,9.67,12.8
2444,-16.500,-68.150,12,8.56,9.56
2445,-16.500,-68.150,01,8.78,9.06
2446,-16.500,-68.150,02,8.22,7.12
2447,-16.500,-68.150,03,7.67,7.74
2448,25.287,51.533,04,29.78,11.6
2449,25.287,51.533,05,31.44,13.61
2450,25.287,51.533,06,35.33,13.8
2451,25.287,51.533,07,35.33,13.7
2452,25.287,51.533,08,36.78,12.78
2453,25.287,51.533,09,34.11,11.6
2454,25.287,51.533,10,30.22,11.6
2455,25.287,51.533,11,28.0,10.88
2456,25.287,51.533,12,21.11,8.7
2457,25.287,51.533,01,18.67,7.18
2458,25.287,51.533,02,19.78,8.7
2459,25.287,51.533,03,25.0,11.6
2460,45.417,-75.700,04,5.33,8.44
2461,45.417,-75.700,05,15.89,12.79
2462,45.417,-75.700,06,16.56,12.21
2463,45.417,-75.700,07,20.22,12.94
2464,45.417,-75.700,08,19.11,11.52
2465,45.417,-75.700,09,16.67,8.84
2466,45.417,-75.700,10,9.11,8.43
2467,45.417,-75.700,11,2.44,5.48
2468,45.417,-75.700,12,-2.89,6.1
2469,45.417,-75.700,01,-7.78,5.94
2470,45.417,-75.700,02,-2.33,6.93
2471,45.417,-75.700,03,-1.33,6.26
2472,32.067,34.767,04,19.0,11.46
2473,32.067,34.767,05,21.67,13.54
2474,32.067,34.767,06,26.0,13.92
2475,32.067,34.767,07,27.11,13.74
2476,32.067,34.767,08,27.89,11.47
2477,32.067,34.767,09,26.89,11.29
2478,32.067,34.767,10,24.33,10.96
2479,32.067,34.767,11,21.22,7.81
2480,32.067,34.767,12,19.0,7.97
2481,32.067,34.767,01,14.89,7.28
2482,32.067,34.767,02,12.56,10.02
2483,32.067,34.767,03,17.22,10.36
2484,55.949,-3.163,04,8.78,8.13
2485,55.949,-3.163,05,11.56,14.11
2486,55.949,-3.163,06,13.22,14.36
2487,55.949,-3.163,07,16.89,15.13
2488,55.949,-3.163,08,16.44,12.26
2489,55.949,-3.163,09,12.22,9.89
2490,55.949,-3.163,10,9.89,8.36
2491,55.949,-3.163,11,10.22,4.83
2492,55.949,-3.163,12,-0.78,3.99
2493,55.949,-3.163,01,3.67,2.79
2494,55.949,-3.163,02,6.33,7.07
2495,55.949,-3.163,03,2.89,7.04
2496,14.709,-17.455,04,23.67,11.6
2497,14.709,-17.455,05,25.22,11.6
2498,14.709,-17.455,06,25.89,11.03
2499,14.709,-17.455,07,27.0,10.31
2500,14.709,-17.455,08,27.56,8.28
2501,14.709,-17.455,09,27.78,9.39
2502,14.709,-17.455,10,27.89,10.23
2503,14.709,-17.455,11,27.78,11.3
2504,14.709,-17.455,12,26.78,10.91
2505,14.709,-17.455,01,26.44,11.26
2506,14.709,-17.455,02,24.33,11.6
2507,14.709,-17.455,03,24.67,11.6
2508,23.591,58.550,04,32.44,12.8
2509,23.591,58.550,05,32.44,13.16
2510,23.591,58.550,06,34.44,13.33
2511,23.591,58.550,07,32.56,12.03
2512,23.591,58.550,08,33.33,12.61
2513,23.591,58.550,09,33.33,12.58
2514,23.591,58.550,10,29.67,8.7
2515,23.591,58.550,11,27.67,8.7
2516,23.591,58.550,12,23.67,8.53
2517,23.591,58.550,01,21.56,8.02
2518,23.591,58.550,02,24.11,11.28
2519,23.591,58.550,03,27.89,11.29
2520,59.917,10.750,04,5.56,11.7
2521,59.917,10.750,05,11.22,15.78
2522,59.917,10.750,06,16.0,16.57
2523,59.917,10.750,07,16.78,16.47
2524,59.917,10.750,08,19.89,14.94
2525,59.917,10.750,09,12.0,8.78
2526,59.917,10.750,10,7.56,7.43
2527,59.917,10.750,11,5.33,2.93
2528,59.917,10.750,12,-10.0,3.42
2529,59.917,10.750,01,-1.33,2.53
2530,59.917,10.750,02,-0.33,7.04
2531,59.917,10.750,03,-5.11,7.82
2532,55.862,-4.247,04,8.89,8.32
2533,55.862,-4.247,05,11.11,13.0
2534,55.862,-4.247,06,12.67,14.44
2535,55.862,-4.247,07,16.33,15.29
2536,55.862,-4.247,08,17.0,12.83
2537,55.862,-4.247,09,11.44,9.88
2538,55.862,-4.247,10,8.78,7.86
2539,55.862,-4.247,11,9.78,4.64
2540,55.862,-4.247,12,-1.56,4.47
2541,55.862,-4.247,01,3.22,3.0
2542,55.862,-4.247,02,6.11,6.53
2543,55.862,-4.247,03,2.56,7.37
2544,54.583,-5.933,04,9.11,8.17
2545,54.583,-5.933,05,11.44,13.52
2546,54.583,-5.933,06,13.44,14.54
2547,54.583,-5.933,07,16.67,14.94
2548,54.583,-5.933,08,16.78,11.72
2549,54.583,-5.933,09,12.89,9.13
2550,54.583,-5.933,10,9.56,8.38
2551,54.583,-5.933,11,10.67,4.89
2552,54.583,-5.933,12,2.0,3.58
2553,54.583,-5.933,01,4.33,2.83
2554,54.583,-5.933,02,7.78,6.03
2555,54.583,-5.933,03,4.56,7.33
2556,29.367,47.960,04,27.22,12.91
2557,29.367,47.960,05,31.33,13.77
2558,29.367,47.960,06,37.11,14.0
2559,29.367,47.960,07,38.22,13.83
2560,29.367,47.960,08,38.56,13.14
2561,29.367,47.960,09,36.11,11.72
2562,29.367,47.960,10,30.56,11.6
2563,29.367,47.960,11,25.0,7.63
2564,29.367,47.960,12,19.33,7.98
2565,29.367,47.960,01,14.89,7.49
2566,29.367,47.960,02,14.56,8.2
2567,29.367,47.960,03,20.89,9.66
2568,47.800,13.033,04,7.44,9.29
2569,47.800,13.033,05,16.22,12.92
2570,47.800,13.033,06,17.67,15.02
2571,47.800,13.033,07,18.44,14.98
2572,47.800,13.033,08,18.67,11.84
2573,47.800,13.033,09,13.22,7.99
2574,47.800,13.033,10,12.44,8.2
2575,47.800,13.033,11,7.11,6.36
2576,47.800,13.033,12,-3.22,5.08
2577,47.800,13.033,01,2.33,5.31
2578,47.800,13.033,02,3.0,9.87
2579,47.800,13.033,03,4.44,9.07
2580,33.872,35.510,04,18.56,11.31
2581,33.872,35.510,05,21.22,13.69
2582,33.872,35.510,06,25.56,13.66
2583,33.872,35.510,07,26.56,14.12
2584,33.872,35.510,08,26.89,13.14
2585,33.872,35.510,09,26.67,11.6
2586,33.872,35.510,10,23.44,9.99
2587,33.872,35.510,11,19.56,6.18
2588,33.872,35.510,12,17.22,7.03
2589,33.872,35.510,01,13.89,6.17
2590,33.872,35.510,02,10.56,10.4
2591,33.872,35.510,03,16.67,9.42
2592,47.367,8.550,04,9.56,10.68
2593,47.367,8.550,05,17.22,12.92
2594,47.367,8.550,06,19.56,15.58
2595,47.367,8.550,07,20.78,15.76
2596,47.367,8.550,08,20.33,10.72
2597,47.367,8.550,09,14.78,8.6
2598,47.367,8.550,10,13.56,9.77
2599,47.367,8.550,11,7.22,6.18
2600,47.367,8.550,12,-3.22,2.91
2601,47.367,8.550,01,2.67,3.18
2602,47.367,8.550,02,3.44,10.07
2603,47.367,8.550,03,5.78,8.76
2604,46.200,6.167,04,10.78,10.27
2605,46.200,6.167,05,18.33,12.74
2606,46.200,6.167,06,21.22,15.61
2607,46.200,6.167,07,22.44,15.5
2608,46.200,6.167,08,21.67,10.98
2609,46.200,6.167,09,15.89,9.34
2610,46.200,6.167,10,14.44,10.13
2611,46.200,6.167,11,9.33,8.31
2612,46.200,6.167,12,0.67,2.92
2613,46.200,6.167,01,2.22,3.59
2614,46.200,6.167,02,4.56,10.38
2615,46.200,6.167,03,6.44,9.54
2616,35.900,14.515,04,15.22,10.2
2617,35.900,14.515,05,19.33,13.68
2618,35.900,14.515,06,23.67,14.5
2619,35.900,14.515,07,26.89,14.5
2620,35.900,14.515,08,28.78,11.47
2621,35.900,14.515,09,27.33,11.31
2622,35.900,14.515,10,23.44,9.66
2623,35.900,14.515,11,20.78,6.9
2624,35.900,14.515,12,19.0,6.6
2625,35.900,14.515,01,16.11,9.06
2626,35.900,14.515,02,13.44,9.8
2627,35.900,14.515,03,15.44,11.6
2628,64.150,-21.950,04,5.78,10.5
2629,64.150,-21.950,05,7.0,14.76
2630,64.150,-21.950,06,10.11,8.29
2631,64.150,-21.950,07,10.44,15.4
2632,64.150,-21.950,08,9.78,14.53
2633,64.150,-21.950,09,9.56,9.38
2634,64.150,-21.950,10,3.44,7.76
2635,64.150,-21.950,11,6.0,2.12
2636,64.150,-21.950,12,-4.56,3.74
2637,64.150,-21.950,01,-7.78,4.74
2638,64.150,-21.950,02,1.78,3.81
2639,64.150,-21.950,03,-5.67,10.77
